역명,지역(구),지역(동),지가,면적(㎡),카테고리,임대료,승객 수
논현역,강남구,논현동,7357435.828,75,소매업,4036950,8905495
학동역,강남구,논현동,7357435.828,16,식당,3001858,23578067
논현역,강남구,논현동,7357435.828,25,식품제과,2133410,33448476
논현역,강남구,논현동,7357435.828,33,식품제과,2816102,33448476
논현역,강남구,논현동,7357435.828,29.92,식품제과,5482433,8905495
논현역,강남구,논현동,7357435.828,63.44,식품제과,8910000,5140392
학동역,강남구,논현동,7357435.828,68.55,식품제과,4780000,11734985
학동역,강남구,논현동,7357435.828,17.54,식품제과,6470000,11734985
학동역,강남구,논현동,7357435.828,44,식품제과,10241610,10925606
학동역,강남구,논현동,7357435.828,51,식품제과,12308280,10925606
논현역,강남구,논현동,7357435.828,46,의류잡화,2475996,33448476
논현역,강남구,논현동,7357435.828,37.8,의류잡화,3530000,33448476
논현역,강남구,논현동,7357435.828,35,의류잡화,3713581,33448476
논현역,강남구,논현동,7357435.828,23,의류잡화,3720000,33448476
논현역,강남구,논현동,7357435.828,57.7,의류잡화,5189834,8905495
논현역,강남구,논현동,7357435.828,30,의류잡화,6820000,8905495
학동역,강남구,논현동,7357435.828,16.4,의류잡화,2830000,6427063
학동역,강남구,논현동,7357435.828,31.39,의류잡화,3539231,23578067
학동역,강남구,논현동,7357435.828,41,의류잡화,8679210,10925606
논현역,강남구,논현동,7357435.828,29,카페,2022349,33448476
학동역,강남구,논현동,7357435.828,25,카페,6033471,11734985
논현역,강남구,논현동,7357435.828,44.65,편의점,10937960,14535273
학동역,강남구,논현동,7357435.828,55.45,편의점,13479950,10925606
논현역,강남구,논현동,7357435.828,50,화장품,3931054,8905495
논현역,강남구,논현동,7357435.828,50,화장품,3931054,8905495
학동역,강남구,논현동,7357435.828,21,화장품,4445449,23578067
학동역,강남구,논현동,7357435.828,41,화장품,8679210,10925606
학동역,강남구,논현동,7357435.828,42,화장품,8890898,10925606
학여울역,강남구,대치동,8708890.535,3938.2,식당,61100000,10925606
매봉역,강남구,도곡동,6423487.039,15.77,식당,2360800,8549444
도곡역,강남구,도곡동,6423487.039,25.04,식품제과,1024800,29796363
매봉역,강남구,도곡동,6423487.039,9.41,식품제과,251020,8549444
도곡역,강남구,도곡동,6423487.039,21.9,의류잡화,873400,29796363
도곡역,강남구,도곡동,6423487.039,23.18,의류잡화,1350000,29796363
매봉역,강남구,도곡동,6423487.039,16,편의점,2421000,4487588
매봉역,강남구,도곡동,6423487.039,26,화장품,3030000,3790871
선릉역,강남구,삼성동,9496628.221,18.48,소매업,3558605,75123
선릉역,강남구,삼성동,9496628.221,19,소매업,3658738,75123
선릉역,강남구,삼성동,9496628.221,20,소매업,3851304,75123
선릉역,강남구,삼성동,9496628.221,20,소매업,3851304,75123
선릉역,강남구,삼성동,9496628.221,24.1,소매업,4640821,16619311
선릉역,강남구,삼성동,9496628.221,34.46,소매업,6635797,16619311
선릉역,강남구,삼성동,9496628.221,18.3,소매업,9770951,9799670
강남구청역,강남구,삼성동,9496628.221,55,식당,6216335,11153211
강남구청역,강남구,삼성동,9496628.221,36,식품제과,3031199,11153211
강남구청역,강남구,삼성동,9496628.221,9.2,의류잡화,930998,11153211
강남구청역,강남구,삼성동,9496628.221,36,의류잡화,3031199,11153211
강남구청역,강남구,삼성동,9496628.221,41,의류잡화,5082993,11153211
선릉역,강남구,삼성동,9496628.221,16,의류잡화,4567000,16619311
선릉역,강남구,삼성동,9496628.221,19.48,의류잡화,6733300,16619311
선릉역,강남구,삼성동,9496628.221,20.21,의류잡화,8286429,16619311
강남구청역,강남구,삼성동,9496628.221,472,카페,16834400,11153211
선릉역,강남구,삼성동,9496628.221,16,카페,6766430,16619311
선릉역,강남구,삼성동,9496628.221,13,카페,8923786,9799670
강남구청역,강남구,삼성동,9496628.221,63.8,편의점,14113220,11153211
강남구청역,강남구,삼성동,9496628.221,30,화장품,3390728,11153211
강남구청역,강남구,삼성동,9496628.221,41,화장품,5082993,11153211
강남구청역,강남구,삼성동,9496628.221,73.3,화장품,5610000,11153211
삼성역,강남구,삼성동,9496628.221,37.83,화장품,13684355,53081616
선릉역,강남구,삼성동,9496628.221,24.34,화장품,10550000,9799670
선릉역,강남구,삼성동,9496628.221,38.03,화장품,23355245,9799670
수서역,강남구,수서동,1862148.289,28.28,소매업,3019900,20542580
수서역,강남구,수서동,1862148.289,24,식품제과,3523300,20542580
수서역,강남구,수서동,1862148.289,21,의료,2640000,36949618
수서역,강남구,수서동,1862148.289,20.1,의류잡화,722870,36949618
수서역,강남구,수서동,1862148.289,24,의류잡화,7302800,20542580
수서역,강남구,수서동,1862148.289,38.9,카페,1849771,36949618
수서역,강남구,수서동,1862148.289,20.1,편의점,1194300,36949618
수서역,강남구,수서동,1862148.289,21,화장품,1720000,36949618
수서역,강남구,수서동,1862148.289,27.54,화장품,10150000,20542580
신사역,강남구,신사동,10931272.6,23.7,소매업,4500000,17843483
신사역,강남구,신사동,10931272.6,23.7,소매업,6483300,11889540
신사역,강남구,신사동,10931272.6,17.36,의류잡화,887470,17843483
신사역,강남구,신사동,10931272.6,23.7,의류잡화,2844063,17843483
신사역,강남구,신사동,10931272.6,23.7,의류잡화,3284815,17843483
신사역,강남구,신사동,10931272.6,23.7,의류잡화,4410000,17843483
신사역,강남구,신사동,10931272.6,25.39,의류잡화,8050000,11889540
신사역,강남구,신사동,10931272.6,47.4,의류잡화,10010000,11889540
신사역,강남구,신사동,10931272.6,18.2,카페,891400,17843483
신사역,강남구,신사동,10931272.6,16,카페,5190960,11889540
신사역,강남구,신사동,10931272.6,29.06,카페,6915082,11889540
압구정역,강남구,신사동,10931272.6,12.3,카페,7212907,22805419
신사역,강남구,신사동,10931272.6,31.3,편의점,11961600,11889540
압구정역,강남구,신사동,10931272.6,37,편의점,10000200,22805419
신사역,강남구,신사동,10931272.6,23.7,화장품,5561000,11889540
압구정역,강남구,신사동,10931272.6,23.76,화장품,20412826,22805419
강남역,강남구,역삼동,9574575.456,20.3,소매업,10063851,74509854
역삼역,강남구,역삼동,9574575.456,25.8,식품제과,6271900,13039746
강남역,강남구,역삼동,9574575.456,12.99,의류잡화,10961471,74509854
역삼역,강남구,역삼동,9574575.456,20.08,의류잡화,676990,25405481
역삼역,강남구,역삼동,9574575.456,21.55,의류잡화,708300,25405481
역삼역,강남구,역삼동,9574575.456,26.4,의류잡화,1276710,5260731
역삼역,강남구,역삼동,9574575.456,23.18,의류잡화,5020000,13039746
역삼역,강남구,역삼동,9574575.456,52.32,의류잡화,13500000,13039746
강남역,강남구,역삼동,9574575.456,13.3,카페,6889683,74509854
역삼역,강남구,역삼동,9574575.456,21,카페,2274690,13039746
역삼역,강남구,역삼동,9574575.456,22.5,카페,2682315,13039746
역삼역,강남구,역삼동,9574575.456,13,카페,4175760,13039746
강남역,강남구,역삼동,9574575.456,26.55,화장품,26510100,74509854
강남역,강남구,역삼동,9574575.456,35.5,화장품,33961005,74509854
일원역,강남구,일원동,3727237.621,51.7,사무실,514300,13118047
일원역,강남구,일원동,3727237.621,90,사무실,645000,13118047
일원역,강남구,일원동,3727237.621,61.48,의료,22110000,13118047
일원역,강남구,일원동,3727237.621,808,카페,8335000,13118047
일원역,강남구,일원동,3727237.621,46,편의점,5280000,13118047
청담역,강남구,청담동,10202899.96,81,사무실,2979130,8300607
청담역,강남구,청담동,10202899.96,25,소매업,1787312,8300607
청담역,강남구,청담동,10202899.96,52.9,소매업,1950000,8300607
청담역,강남구,청담동,10202899.96,97.44,소매업,2819712,8300607
청담역,강남구,청담동,10202899.96,25,식품제과,754184,7271432
청담역,강남구,청담동,10202899.96,33,식품제과,1748983,8300607
청담역,강남구,청담동,10202899.96,65.36,식품제과,3466100,8300607
청담역,강남구,청담동,10202899.96,35.2,의류잡화,1070550,7271432
청담역,강남구,청담동,10202899.96,54,의류잡화,1629037,8300607
청담역,강남구,청담동,10202899.96,35,의류잡화,4505474,8300607
청담역,강남구,청담동,10202899.96,45,카페,1357531,7271432
청담역,강남구,청담동,10202899.96,54,카페,1629037,8300607
청담역,강남구,청담동,10202899.96,43,편의점,3074177,8300607
청담역,강남구,청담동,10202899.96,52.34,편의점,13420000,7536245
청담역,강남구,청담동,10202899.96,43,화장품,3074177,8300607
청담역,강남구,청담동,10202899.96,55,화장품,8955158,7536245
고덕역,강동구,고덕동,1822725.558,42.94,식품제과,2876000,6959736
고덕역,강동구,고덕동,1822725.558,28.62,편의점,5036580,6959736
길동역,강동구,길동,3729561.368,31.82,편의점,5116421,7039787
둔촌동역,강동구,둔촌동,2360703.99,13.5,의류잡화,2710000,8957089
둔촌동역,강동구,둔촌동,2360703.99,28.71,의류잡화,3589154,8957089
둔촌동역,강동구,둔촌동,2360703.99,29,편의점,5386990,8957089
굽은다리역,강동구,명일동,3975409.598,34.43,식품제과,3692500,17981165
명일역,강동구,명일동,3975409.598,29.77,식품제과,2000000,7757014
굽은다리역,강동구,명일동,3975409.598,14.5,의류잡화,999990,17981165
굽은다리역,강동구,명일동,3975409.598,23,의류잡화,3130000,17981165
명일역,강동구,명일동,3975409.598,44.27,의류잡화,2300000,7757014
굽은다리역,강동구,명일동,3975409.598,30,편의점,5299388,17981165
명일역,강동구,명일동,3975409.598,30,편의점,5086481,7757014
상일동역,강동구,상일동,2292801.794,17.92,의류잡화,21600000,8219380
상일동역,강동구,상일동,2292801.794,31.46,편의점,5759577,8219380
강동구청역,강동구,성내동,3853370.823,30,편의점,8849507,7951472
강동구청역,강동구,성내동,3853370.823,36.96,화장품,9338262,7951472
암사역,강동구,암사동,2588074.526,46.46,식품제과,7620400,22805419
암사역,강동구,암사동,2588074.526,35,편의점,13906760,22805419
암사역,강동구,암사동,2588074.526,36.54,화장품,14971057,22805419
강동역,강동구,천호동,3836852.921,24.44,식품제과,2877000,13678811
강동역,강동구,천호동,3836852.921,81.6,식품제과,14919520,13678811
강동역,강동구,천호동,3836852.921,15,의류잡화,2200012,13678811
천호역,강동구,천호동,3836852.921,210,의류잡화,217793378,11120870
강동역,강동구,천호동,3836852.921,57.26,편의점,10222861,13678811
미아사거리역,강북구,미아동,2319034.385,22.56,소매업,1290010,11670476
미아사거리역,강북구,미아동,2319034.385,17.24,식품제과,1500100,11670476
미아사거리역,강북구,미아동,2319034.385,12,식품제과,3010000,6202512
미아사거리역,강북구,미아동,2319034.385,31,식품제과,8350000,13702538
미아사거리역,강북구,미아동,2319034.385,17.06,의류잡화,1665905,11670476
미아사거리역,강북구,미아동,2319034.385,18.66,의류잡화,2010000,29635153
미아사거리역,강북구,미아동,2319034.385,24.02,의류잡화,2200000,6202512
미아사거리역,강북구,미아동,2319034.385,14.8,의류잡화,2600000,6202512
미아사거리역,강북구,미아동,2319034.385,33.94,의류잡화,3050000,3178749
미아사거리역,강북구,미아동,2319034.385,12,의류잡화,3101473,13702538
미아사거리역,강북구,미아동,2319034.385,33.76,의류잡화,3666600,13702538
미아사거리역,강북구,미아동,2319034.385,29.03,의류잡화,5380000,13702538
미아사거리역,강북구,미아동,2319034.385,44.4,의류잡화,8600700,5310832
미아역,강북구,미아동,2319034.385,16.46,의류잡화,546300,14275577
미아역,강북구,미아동,2319034.385,17.9,의류잡화,1750000,14275577
미아사거리역,강북구,미아동,2319034.385,24,카페,10556897,14275577
미아사거리역,강북구,미아동,2319034.385,16.88,화장품,3200000,13702538
미아사거리역,강북구,미아동,2319034.385,13.86,화장품,8296151,13702538
미아역,강북구,미아동,2319034.385,17,화장품,3700000,14275577
수유역,강북구,수유동,1895753.06,22.42,식품제과,12021600,17714873
수유역,강북구,수유동,1895753.06,18.43,의류잡화,1093920,20542580
수유역,강북구,수유동,1895753.06,18.67,의류잡화,1280850,17714873
수유역,강북구,수유동,1895753.06,13.4,의류잡화,1772817,17714873
수유역,강북구,수유동,1895753.06,12,의류잡화,5581048,17714873
수유역,강북구,수유동,1895753.06,23,편의점,10108400,17714873
발산역,강서구,가양동,2813595.841,27.08,식품제과,3120000,21498737
발산역,강서구,가양동,2813595.841,27.14,의류잡화,3250000,21498737
발산역,강서구,가양동,2813595.841,30,의류잡화,8000000,21498737
발산역,강서구,가양동,2813595.841,33,편의점,6711005,21498737
송정역,강서구,공항동,2246579.703,21.87,식품제과,2563730,9799670
송정역,강서구,공항동,2246579.703,16.2,의류잡화,1051000,9799670
송정역,강서구,공항동,2246579.703,70.51,의류잡화,2300000,9799670
송정역,강서구,공항동,2246579.703,42.37,편의점,6689936,6790870
김포공항역,강서구,방화동,2022212.487,103.42,사무실,1045000,7039787
김포공항역,강서구,방화동,2022212.487,44.47,소매업,6000000,5620867
김포공항역,강서구,방화동,2022212.487,44.39,식품제과,3379996,6167521
김포공항역,강서구,방화동,2022212.487,43.71,식품제과,5335330,16922012
김포공항역,강서구,방화동,2022212.487,25.29,의류잡화,3300070,6167521
김포공항역,강서구,방화동,2022212.487,25.29,의류잡화,3850000,6167521
김포공항역,강서구,방화동,2022212.487,53.15,의류잡화,4200000,6167521
김포공항역,강서구,방화동,2022212.487,49.96,의류잡화,5059554,5744110
김포공항역,강서구,방화동,2022212.487,25.58,의류잡화,5120000,16922012
김포공항역,강서구,방화동,2022212.487,21.53,의류잡화,6300070,5620867
방화역,강서구,방화동,2022212.487,19.65,의류잡화,3130000,12253637
김포공항역,강서구,방화동,2022212.487,53.97,카페,4984100,6167521
개화산역,강서구,방화동,2022212.487,30,편의점,4085152,4235715
김포공항역,강서구,방화동,2022212.487,32.34,편의점,5515621,5620867
방화역,강서구,방화동,2022212.487,30,편의점,4817020,12253637
방화역,강서구,방화동,2022212.487,40.53,화장품,9363837,4694450
까치산역,강서구,화곡동,2502497.467,28.07,소매업,12773147,5620867
우장산역,강서구,화곡동,2502497.467,14.8,소매업,2100000,7717359
까치산역,강서구,화곡동,2502497.467,36.85,식품제과,8896100,5620867
화곡역,강서구,화곡동,2502497.467,67.04,식품제과,8269500,36008642
까치산역,강서구,화곡동,2502497.467,19.28,의류잡화,7674176,5620867
까치산역,강서구,화곡동,2502497.467,24.15,의류잡화,10130000,5620867
까치산역,강서구,화곡동,2502497.467,46.76,의류잡화,15557824,5620867
우장산역,강서구,화곡동,2502497.467,19.84,의류잡화,1309401,7717359
우장산역,강서구,화곡동,2502497.467,19.88,의류잡화,3000500,7717359
화곡역,강서구,화곡동,2502497.467,39.17,의류잡화,11457440,36008642
화곡역,강서구,화곡동,2502497.467,101.16,의류잡화,16073607,36008642
까치산역,강서구,화곡동,2502497.467,21.25,카페,10000000,5620867
까치산역,강서구,화곡동,2502497.467,37.82,편의점,9319115,5620867
우장산역,강서구,화곡동,2502497.467,33,편의점,6729856,7717359
화곡역,강서구,화곡동,2502497.467,30,편의점,9956727,36008642
까치산역,강서구,화곡동,2502497.467,30.72,화장품,11817326,5620867
우장산역,강서구,화곡동,2502497.467,44.8,화장품,12076635,4622841
화곡역,강서구,화곡동,2502497.467,15.48,화장품,4000330,36008642
화곡역,강서구,화곡동,2502497.467,18.29,화장품,4500330,36008642
화곡역,강서구,화곡동,2502497.467,27,화장품,15335580,36008642
낙성대역,관악구,봉천동,2894106.435,16.7,의류잡화,1902830,21452951
봉천역,관악구,봉천동,2894106.435,17.61,의류잡화,1814122,14863639
서울대입구역,관악구,봉천동,2894106.435,26.64,의류잡화,12222200,8539503
봉천역,관악구,봉천동,2894106.435,27.81,카페,5330218,14863639
서울대입구역,관악구,봉천동,2894106.435,14,카페,8262765,8539503
서울대입구역,관악구,봉천동,2894106.435,29.26,카페,9284039,8539503
낙성대역,관악구,봉천동,2894106.435,20.94,편의점,500630,5620867
낙성대역,관악구,봉천동,2894106.435,21.28,편의점,5115000,21452951
신림역,관악구,신림동,2817211.508,16,식당,7527000,17843483
신림역,관악구,신림동,2817211.508,13,식품제과,5783900,2605613
신림역,관악구,신림동,2817211.508,14,의류잡화,5010000,2605613
신림역,관악구,신림동,2817211.508,8,카페,3921680,4650208
신림역,관악구,신림동,2817211.508,15,카페,13764794,17843483
광나루역,광진구,광장동,2361903.619,62.2,식품제과,4585000,10054460
광나루역,광진구,광장동,2361903.619,17.86,의류잡화,2150000,10054460
광나루역,광진구,광장동,2361903.619,53.26,의류잡화,3726868,10054460
광나루역,광진구,광장동,2361903.619,45,편의점,8972033,10054460
강변역,광진구,구의동,3309120.032,11.2,카페,5041319,33862924
강변역,광진구,구의동,3309120.032,41,편의점,15310500,33862924
강변역,광진구,구의동,3309120.032,36.5,화장품,17456040,33862924
군자역,광진구,능동,3091363.86,20,식품제과,4435930,5175114
군자역,광진구,능동,3091363.86,27,식품제과,15358696,17981165
군자역,광진구,능동,3091363.86,33,식품제과,16095420,17981165
아차산역,광진구,능동,3091363.86,19.6,식품제과,2000000,9512381
아차산역,광진구,능동,3091363.86,19.6,식품제과,6299533,35918861
군자역,광진구,능동,3091363.86,86.95,의류잡화,3196209,5175114
군자역,광진구,능동,3091363.86,24.24,의류잡화,8400200,17152645
군자역,광진구,능동,3091363.86,31,의류잡화,13022172,17981165
군자역,광진구,능동,3091363.86,32.7,의류잡화,13500000,17981165
아차산역,광진구,능동,3091363.86,48.37,의류잡화,3556078,10508678
군자역,광진구,능동,3091363.86,27,카페,18293194,17981165
군자역,광진구,능동,3091363.86,54.82,편의점,11979000,17981165
아차산역,광진구,능동,3091363.86,28.72,편의점,5882664,35918861
군자역,광진구,능동,3091363.86,50,화장품,3677938,5175114
군자역,광진구,능동,3091363.86,40,화장품,4905294,5175114
군자역,광진구,능동,3091363.86,55,화장품,4994660,5175114
군자역,광진구,능동,3091363.86,90.6,화장품,7050000,17152645
군자역,광진구,능동,3091363.86,44.67,화장품,7500000,17152645
아차산역,광진구,능동,3091363.86,31.21,화장품,8500330,35918861
뚝섬유원지역,광진구,자양동,3525110.801,29.89,편의점,4399230,2296668
중곡역,광진구,중곡동,2709218.069,14,의류잡화,976306,43738113
중곡역,광진구,중곡동,2709218.069,46,의류잡화,3207864,43738113
중곡역,광진구,중곡동,2709218.069,35.16,편의점,5004670,43738113
중곡역,광진구,중곡동,2709218.069,46.99,화장품,3210000,43738113
건대입구역,광진구,화양동,4372646.939,867.64,소매업,16415740,46757854
건대입구역,광진구,화양동,4372646.939,75,소매업,21308277,46757854
어린이대공원역,광진구,화양동,4372646.939,58,식당,4961497,10028558
건대입구역,광진구,화양동,4372646.939,32,식품제과,4588744,46757854
어린이대공원역,광진구,화양동,4372646.939,22,식품제과,3091121,19148877
어린이대공원역,광진구,화양동,4372646.939,37,식품제과,4682655,10028558
건대입구역,광진구,화양동,4372646.939,76,의료,26100000,46757854
건대입구역,광진구,화양동,4372646.939,22.8,의류잡화,3256490,46757854
건대입구역,광진구,화양동,4372646.939,26,의류잡화,3728354,46757854
건대입구역,광진구,화양동,4372646.939,23.42,의류잡화,4709346,46757854
건대입구역,광진구,화양동,4372646.939,36,의류잡화,7638033,46757854
건대입구역,광진구,화양동,4372646.939,29,의류잡화,7795782,46757854
건대입구역,광진구,화양동,4372646.939,36.04,의류잡화,11100000,46757854
건대입구역,광진구,화양동,4372646.939,29.5,의류잡화,668000,46757854
어린이대공원역,광진구,화양동,4372646.939,30,의류잡화,4215165,10028558
어린이대공원역,광진구,화양동,4372646.939,37,의류잡화,4560333,10028558
건대입구역,광진구,화양동,4372646.939,29.68,카페,6243818,46757854
어린이대공원역,광진구,화양동,4372646.939,60,카페,3527101,19148877
어린이대공원역,광진구,화양동,4372646.939,46,카페,5669603,10028558
어린이대공원역,광진구,화양동,4372646.939,56,카페,6902125,10028558
건대입구역,광진구,화양동,4372646.939,37.36,편의점,11116490,46757854
어린이대공원역,광진구,화양동,4372646.939,35.6,편의점,11109670,10028558
건대입구역,광진구,화양동,4372646.939,24.55,화장품,5208714,46757854
건대입구역,광진구,화양동,4372646.939,30,화장품,8064602,46757854
건대입구역,광진구,화양동,4372646.939,48.2,화장품,10226478,46757854
어린이대공원역,광진구,화양동,4372646.939,70,화장품,4114951,10028558
대림역,구로구,구로동,2619361.61,15.76,식당,5810000,11910940
구로디지털역,구로구,구로동,2619361.61,29,식품제과,8502100,36698095
대림역,구로구,구로동,2619361.61,15.5,식품제과,3152300,7997301
대림역,구로구,구로동,2619361.61,39,식품제과,4303187,7997301
대림역,구로구,구로동,2619361.61,14,식품제과,7222000,9403595
대림역,구로구,구로동,2619361.61,44.74,식품제과,9130000,9403595
구로디지털역,구로구,구로동,2619361.61,100.8,의류잡화,14000700,36698095
남구로역,구로구,구로동,2619361.61,22,의류잡화,2625180,21452951
대림역,구로구,구로동,2619361.61,39,의류잡화,4303187,7997301
대림역,구로구,구로동,2619361.61,40,의류잡화,4413525,11910940
대림역,구로구,구로동,2619361.61,14.93,의류잡화,5564323,11910940
대림역,구로구,구로동,2619361.61,22,의류잡화,7222000,9403595
대림역,구로구,구로동,2619361.61,19.47,의류잡화,12925000,9403595
대림역,구로구,구로동,2619361.61,68,의류잡화,15079302,9403595
대림역,구로구,구로동,2619361.61,33,의류잡화,15150000,16503458
대림역,구로구,구로동,2619361.61,14.93,의류잡화,16140000,16503458
대림역,구로구,구로동,2619361.61,41.1,의류잡화,22680670,16503458
구로디지털역,구로구,구로동,2619361.61,10.66,카페,6773016,36698095
남구로역,구로구,구로동,2619361.61,33.67,편의점,7551830,21452951
대림역,구로구,구로동,2619361.61,20,편의점,5643800,11910940
대림역,구로구,구로동,2619361.61,22,편의점,9200000,9403595
대림역,구로구,구로동,2619361.61,29.51,편의점,9955770,9403595
남구로역,구로구,구로동,2619361.61,43,화장품,5131033,21452951
남구로역,구로구,구로동,2619361.61,32,화장품,5286312,21452951
남구로역,구로구,구로동,2619361.61,40,화장품,6607890,21452951
대림역,구로구,구로동,2619361.61,30,화장품,3564294,7997301
천왕역,구로구,오류동,2042716.275,900.39,사무실,1232310,11120870
천왕역,구로구,오류동,2042716.275,36.93,편의점,4984430,11120870
온수역,구로구,온수동,1662028.045,82,소매업,10470965,3137638
온수역,구로구,온수동,1662028.045,41,식품제과,4100281,35217625
온수역,구로구,온수동,1662028.045,13.5,의류잡화,2500000,35217625
온수역,구로구,온수동,1662028.045,23.1,의류잡화,3200000,35217625
온수역,구로구,온수동,1662028.045,60,의류잡화,7048003,3137638
온수역,구로구,온수동,1662028.045,27,카페,3171601,35217625
온수역,구로구,온수동,1662028.045,27,카페,3171601,35217625
온수역,구로구,온수동,1662028.045,37,카페,4346269,35217625
온수역,구로구,온수동,1662028.045,37,카페,4346269,35217625
온수역,구로구,온수동,1662028.045,35,카페,5843375,3137638
온수역,구로구,온수동,1662028.045,29.81,편의점,5686010,3137638
가산디지털단지역,금천구,가산동,5233672.496,34,식품제과,7512000,28369785
가산디지털단지역,금천구,가산동,5233672.496,35.8,편의점,13038740,28369785
가산디지털단지역,금천구,가산동,5233672.496,30,화장품,3775052,28369785
가산디지털단지역,금천구,가산동,5233672.496,39,화장품,4907567,28369785
태릉입구역,노원구,공릉동,1971704.187,31,소매업,2052930,15306872
태릉입구역,노원구,공릉동,1971704.187,33,소매업,2141056,15306872
태릉입구역,노원구,공릉동,1971704.187,33,소매업,2141056,15306872
태릉입구역,노원구,공릉동,1971704.187,44,소매업,2827466,15306872
공릉역,노원구,공릉동,1971704.187,50,식품제과,3843238,9447024
태릉입구역,노원구,공릉동,1971704.187,50,식품제과,3486809,15306872
화랑대역,노원구,공릉동,1971704.187,28,식품제과,2053502,36008642
공릉역,노원구,공릉동,1971704.187,30,의류잡화,2305943,9447024
태릉입구역,노원구,공릉동,1971704.187,20,의류잡화,1394724,15306872
태릉입구역,노원구,공릉동,1971704.187,20,의류잡화,1394724,15306872
태릉입구역,노원구,공릉동,1971704.187,33,의류잡화,1466447,15306872
태릉입구역,노원구,공릉동,1971704.187,39,의류잡화,1934017,15306872
태릉입구역,노원구,공릉동,1971704.187,39,의류잡화,1934017,15306872
태릉입구역,노원구,공릉동,1971704.187,45,의류잡화,3193917,15306872
태릉입구역,노원구,공릉동,1971704.187,97,의류잡화,4310464,15306872
태릉입구역,노원구,공릉동,1971704.187,59,의류잡화,8630000,19683084
태릉입구역,노원구,공릉동,1971704.187,59,의류잡화,8630000,16835549
화랑대역,노원구,공릉동,1971704.187,30,의류잡화,2200181,36008642
태릉입구역,노원구,공릉동,1971704.187,39,카페,1934017,15306872
태릉입구역,노원구,공릉동,1971704.187,31,카페,2052930,15306872
화랑대역,노원구,공릉동,1971704.187,35,카페,2325056,36008642
공릉역,노원구,공릉동,1971704.187,28.91,편의점,6716380,9447024
태릉입구역,노원구,공릉동,1971704.187,37.14,편의점,7933860,15306872
화랑대역,노원구,공릉동,1971704.187,30,편의점,7478862,36008642
공릉역,노원구,공릉동,1971704.187,40,화장품,3074591,9447024
공릉역,노원구,공릉동,1971704.187,29.42,화장품,9509157,9447024
태릉입구역,노원구,공릉동,1971704.187,38,화장품,1884427,15306872
화랑대역,노원구,공릉동,1971704.187,50,화장품,3666969,36008642
화랑대역,노원구,공릉동,1971704.187,34.6,화장품,10609653,36008642
노원역,노원구,상계동,2248616.726,52,사무실,541660,8343060
마들역,노원구,상계동,2248616.726,534.92,사무실,3281667,12995026
당고개역,노원구,상계동,2248616.726,23.88,소매업,387000,14535273
당고개역,노원구,상계동,2248616.726,56.3,소매업,582000,14535273
마들역,노원구,상계동,2248616.726,33,소매업,520000,7197212
마들역,노원구,상계동,2248616.726,31,소매업,1047282,10393171
마들역,노원구,상계동,2248616.726,33,소매업,1165989,10393171
마들역,노원구,상계동,2248616.726,33,소매업,1165989,10393171
마들역,노원구,상계동,2248616.726,35,소매업,1182416,10393171
마들역,노원구,상계동,2248616.726,35,소매업,1182416,10393171
마들역,노원구,상계동,2248616.726,36,소매업,1216199,10393171
마들역,노원구,상계동,2248616.726,45,소매업,1520249,12995026
상계역,노원구,상계동,2248616.726,100,소매업,7410300,53081616
수락산역,노원구,상계동,2248616.726,100,소매업,3460981,36949618
노원역,노원구,상계동,2248616.726,17,식당,2349954,8343060
노원역,노원구,상계동,2248616.726,36.4,식품제과,27943265,10077851
당고개역,노원구,상계동,2248616.726,21.8,식품제과,252000,14535273
당고개역,노원구,상계동,2248616.726,31.5,식품제과,371000,14535273
마들역,노원구,상계동,2248616.726,33,식품제과,468350,2296668
마들역,노원구,상계동,2248616.726,20,식품제과,696329,10393171
마들역,노원구,상계동,2248616.726,45,식품제과,1487705,10393171
상계역,노원구,상계동,2248616.726,26.2,식품제과,1450100,53081616
수락산역,노원구,상계동,2248616.726,44,식품제과,1609201,36949618
노원역,노원구,상계동,2248616.726,14.91,의류잡화,559380,8343060
노원역,노원구,상계동,2248616.726,24,의류잡화,3382050,8343060
당고개역,노원구,상계동,2248616.726,27.84,의류잡화,901870,14535273
당고개역,노원구,상계동,2248616.726,311,의류잡화,12000200,14535273
마들역,노원구,상계동,2248616.726,33,의류잡화,470000,2296668
마들역,노원구,상계동,2248616.726,33,의류잡화,533330,7197212
마들역,노원구,상계동,2248616.726,33,의류잡화,650000,7197212
마들역,노원구,상계동,2248616.726,39,의류잡화,2500000,12995026
상계역,노원구,상계동,2248616.726,21.5,의류잡화,2050000,53081616
상계역,노원구,상계동,2248616.726,21.5,의류잡화,2359300,53081616
수락산역,노원구,상계동,2248616.726,28,의류잡화,1102142,36949618
수락산역,노원구,상계동,2248616.726,30,의류잡화,1180866,36949618
당고개역,노원구,상계동,2248616.726,28.01,카페,3353802,14535273
상계역,노원구,상계동,2248616.726,32.16,카페,5678722,53081616
노원역,노원구,상계동,2248616.726,55.15,편의점,17204550,10077851
마들역,노원구,상계동,2248616.726,33.11,편의점,3423530,12995026
수락산역,노원구,상계동,2248616.726,37.88,편의점,7021080,36949618
노원역,노원구,상계동,2248616.726,37,화장품,4032817,10077851
노원역,노원구,상계동,2248616.726,40,화장품,4359803,10077851
마들역,노원구,상계동,2248616.726,45,화장품,1487705,10393171
수락산역,노원구,상계동,2248616.726,43,화장품,1572628,36949618
수락산역,노원구,상계동,2248616.726,44,화장품,1609201,36949618
수락산역,노원구,상계동,2248616.726,40.08,화장품,2100000,36949618
석계역,노원구,월계동,1632532.3,17,소매업,547971,9819776
석계역,노원구,월계동,1632532.3,17,소매업,547971,9819776
석계역,노원구,월계동,1632532.3,17,소매업,547971,9819776
석계역,노원구,월계동,1632532.3,33,소매업,1063709,9819776
석계역,노원구,월계동,1632532.3,30,소매업,1611573,9819776
석계역,노원구,월계동,1632532.3,63,소매업,2276340,9819776
석계역,노원구,월계동,1632532.3,64,소매업,2312473,12634977
석계역,노원구,월계동,1632532.3,66,소매업,3545460,12634977
석계역,노원구,월계동,1632532.3,110,소매업,8171014,38444666
석계역,노원구,월계동,1632532.3,72,식품제과,2439836,12634977
석계역,노원구,월계동,1632532.3,25.7,식품제과,4900302,38444666
석계역,노원구,월계동,1632532.3,33,의류잡화,2591581,12634977
석계역,노원구,월계동,1632532.3,49,의류잡화,3848104,12634977
석계역,노원구,월계동,1632532.3,29,카페,934775,9819776
석계역,노원구,월계동,1632532.3,41,카페,3045560,12634977
석계역,노원구,월계동,1632532.3,41,카페,3045560,12634977
석계역,노원구,월계동,1632532.3,58,편의점,16162081,38444666
석계역,노원구,월계동,1632532.3,33,화장품,2591581,12634977
중계역,노원구,중계동,1726513.407,17,식품제과,1447206,31159274
중계역,노원구,중계동,1726513.407,34,의류잡화,2002203,31159274
중계역,노원구,중계동,1726513.407,59,의류잡화,3334216,31159274
중계역,노원구,중계동,1726513.407,30.6,의류잡화,3386837,31159274
중계역,노원구,중계동,1726513.407,30,카페,1766650,31159274
중계역,노원구,중계동,1726513.407,50,카페,2851435,31159274
중계역,노원구,중계동,1726513.407,32.91,편의점,8448000,43738113
중계역,노원구,중계동,1726513.407,41,화장품,2316997,31159274
중계역,노원구,중계동,1726513.407,41,화장품,2414421,31159274
하계역,노원구,하계동,1546004.559,70,소매업,5677041,16835549
하계역,노원구,하계동,1546004.559,33,식품제과,2730869,16835549
하계역,노원구,하계동,1546004.559,55.01,식품제과,5790000,16835549
하계역,노원구,하계동,1546004.559,26,의류잡화,2108615,16835549
하계역,노원구,하계동,1546004.559,32,의류잡화,2469591,16835549
하계역,노원구,하계동,1546004.559,32,의류잡화,2469591,16835549
하계역,노원구,하계동,1546004.559,33,의류잡화,2546765,16835549
하계역,노원구,하계동,1546004.559,40.8,편의점,12512500,16835549
하계역,노원구,하계동,1546004.559,32,화장품,2469591,16835549
하계역,노원구,하계동,1546004.559,47,화장품,3816584,16835549
하계역,노원구,하계동,1546004.559,36.57,화장품,11386148,16835549
도봉산역,도봉구,도봉동,1577171.921,44,식당,1441008,29796363
도봉산역,도봉구,도봉동,1577171.921,38,식품제과,1244507,29796363
도봉산역,도봉구,도봉동,1577171.921,46,식품제과,1487499,29796363
도봉산역,도봉구,도봉동,1577171.921,36,카페,1179006,29796363
쌍문역,도봉구,창동,2229813.359,22.65,식당,4839500,11597091
쌍문역,도봉구,창동,2229813.359,21,식품제과,5513000,11597091
창동역,도봉구,창동,2229813.359,23,식품제과,5550000,12196007
쌍문역,도봉구,창동,2229813.359,18.48,의류잡화,805070,24282489
쌍문역,도봉구,창동,2229813.359,20.4,의류잡화,1222397,24282489
쌍문역,도봉구,창동,2229813.359,16.55,의류잡화,1616105,11597091
쌍문역,도봉구,창동,2229813.359,25.5,의류잡화,1650000,11597091
쌍문역,도봉구,창동,2229813.359,25,의류잡화,1666600,11597091
쌍문역,도봉구,창동,2229813.359,25,의류잡화,2002000,11597091
쌍문역,도봉구,창동,2229813.359,20.5,의류잡화,2040300,11597091
쌍문역,도봉구,창동,2229813.359,20.4,의류잡화,2550000,11597091
쌍문역,도봉구,창동,2229813.359,41,의류잡화,2801000,11597091
쌍문역,도봉구,창동,2229813.359,20,의류잡화,5107700,11597091
창동역,도봉구,창동,2229813.359,11,의류잡화,5139200,12196007
창동역,도봉구,창동,2229813.359,58.5,의류잡화,8240100,12196007
쌍문역,도봉구,창동,2229813.359,21,카페,2347810,11597091
쌍문역,도봉구,창동,2229813.359,20.95,화장품,6651877,7122856
장한평역,동대문구,장안동,2930447.85,29.8,식품제과,4766083,75844902
장한평역,동대문구,장안동,2930447.85,31.9,의류잡화,3000300,19438416
장한평역,동대문구,장안동,2930447.85,31.98,의류잡화,3022000,19438416
장한평역,동대문구,장안동,2930447.85,24.5,의류잡화,4130000,75844902
장한평역,동대문구,장안동,2930447.85,52.8,편의점,11054529,75844902
장한평역,동대문구,장안동,2930447.85,35.62,화장품,9500160,75844902
청량리역,동대문구,전농동,2834303.313,11,카페,3934400,7536245
제기동역,동대문구,제기동,2880702.196,10.54,식품제과,791990,75844902
제기동역,동대문구,제기동,2880702.196,10.54,의류잡화,734550,75844902
제기동역,동대문구,제기동,2880702.196,19.3,의류잡화,5518871,75844902
제기동역,동대문구,제기동,2880702.196,42.72,의류잡화,6603344,75844902
신대방삼거리역,동작구,대방동,2944496.107,43,사무실,3123044,3896951
신대방삼거리역,동작구,대방동,2944496.107,43,사무실,3123044,12022764
신대방삼거리역,동작구,대방동,2944496.107,49,사무실,3558818,11242252
보라매역,동작구,대방동,2944496.107,32,식품제과,3755629,4694450
신대방삼거리역,동작구,대방동,2944496.107,42,식품제과,3497347,11242252
신대방삼거리역,동작구,대방동,2944496.107,42,식품제과,3497347,11242252
신대방삼거리역,동작구,대방동,2944496.107,61,식품제과,4575313,11242252
보라매역,동작구,대방동,2944496.107,39,의류잡화,4460326,4694450
신대방삼거리역,동작구,대방동,2944496.107,55,의류잡화,5040118,11242252
보라매역,동작구,대방동,2944496.107,27.58,편의점,5673250,4694450
신대방삼거리역,동작구,대방동,2944496.107,51.49,편의점,11169180,11242252
보라매역,동작구,대방동,2944496.107,38,화장품,4345959,4694450
신대방삼거리역,동작구,대방동,2944496.107,27,화장품,1960981,28142382
신대방삼거리역,동작구,대방동,2944496.107,42,화장품,3497347,12022764
동작역,동작구,동작동,1220794.783,10.75,식당,420000,33029923
동작역,동작구,동작동,1220794.783,16,식품제과,3704000,33029923
동작역,동작구,동작동,1220794.783,20,편의점,4925000,8957089
총신대입구역,동작구,사당동,3136414.651,16.3,사무실,171000,7536245
사당역,동작구,사당동,3136414.651,13.5,소매업,1701472,9313472
사당역,동작구,사당동,3136414.651,15.5,소매업,2685100,18777922
사당역,동작구,사당동,3136414.651,33.8,소매업,5673300,11627376
사당역,동작구,사당동,3136414.651,29.4,소매업,6938962,53081616
사당역,동작구,사당동,3136414.651,60,소매업,8033100,53081616
이수역,동작구,사당동,3136414.651,27,소매업,8873231,12873123
이수역,동작구,사당동,3136414.651,45,소매업,17010978,36047023
총신대입구역,동작구,사당동,3136414.651,11,소매업,810000,21972523
총신대입구역,동작구,사당동,3136414.651,32.6,소매업,3540000,2447913
총신대입구역,동작구,사당동,3136414.651,31.9,소매업,4276900,2447913
총신대입구역,동작구,사당동,3136414.651,36.34,소매업,9279400,6221958
사당역,동작구,사당동,3136414.651,12.84,식당,8196400,53081616
이수역,동작구,사당동,3136414.651,51,식당,14689848,36047023
남성역,동작구,사당동,3136414.651,26,식품제과,2874164,21664346
사당역,동작구,사당동,3136414.651,20,식품제과,2520699,18777922
사당역,동작구,사당동,3136414.651,15.3,식품제과,4500000,18777922
사당역,동작구,사당동,3136414.651,31,식품제과,6217300,11627376
사당역,동작구,사당동,3136414.651,14.96,식품제과,8025200,53081616
이수역,동작구,사당동,3136414.651,27.22,식품제과,4545570,12873123
이수역,동작구,사당동,3136414.651,23,식품제과,8851329,12873123
총신대입구역,동작구,사당동,3136414.651,16.3,식품제과,1750000,21972523
총신대입구역,동작구,사당동,3136414.651,31.4,식품제과,3335300,2447913
총신대입구역,동작구,사당동,3136414.651,12.32,식품제과,5512000,2447913
남성역,동작구,사당동,3136414.651,50,의류잡화,5310281,21664346
사당역,동작구,사당동,3136414.651,11.45,의류잡화,922680,6891397
사당역,동작구,사당동,3136414.651,10,의류잡화,1260350,9313472
사당역,동작구,사당동,3136414.651,12.75,의류잡화,1606946,9313472
사당역,동작구,사당동,3136414.651,15,의류잡화,1890525,3549971
사당역,동작구,사당동,3136414.651,31,의류잡화,2877573,18777922
사당역,동작구,사당동,3136414.651,23.1,의류잡화,2911408,18777922
사당역,동작구,사당동,3136414.651,15.5,의류잡화,3567700,18777922
사당역,동작구,사당동,3136414.651,22,의류잡화,3710000,18777922
사당역,동작구,사당동,3136414.651,30.7,의류잡화,3716600,18777922
사당역,동작구,사당동,3136414.651,30.2,의류잡화,4288400,18777922
사당역,동작구,사당동,3136414.651,25.8,의류잡화,4500000,18777922
사당역,동작구,사당동,3136414.651,30.7,의류잡화,4510000,11627376
사당역,동작구,사당동,3136414.651,30.7,의류잡화,4533800,11627376
사당역,동작구,사당동,3136414.651,30.7,의류잡화,4570159,11627376
사당역,동작구,사당동,3136414.651,22,의류잡화,6020000,11627376
사당역,동작구,사당동,3136414.651,20.2,의류잡화,6091880,11627376
사당역,동작구,사당동,3136414.651,92.1,의류잡화,9300000,53081616
사당역,동작구,사당동,3136414.651,93,의류잡화,9501000,53081616
사당역,동작구,사당동,3136414.651,62.6,의류잡화,12800200,53081616
사당역,동작구,사당동,3136414.651,65.5,의류잡화,17123210,53081616
사당역,동작구,사당동,3136414.651,88,의류잡화,22032375,53081616
사당역,동작구,사당동,3136414.651,861,의류잡화,68407100,53081616
사당역,동작구,사당동,3136414.651,408,의류잡화,81712900,53081616
이수역,동작구,사당동,3136414.651,24.01,의류잡화,8900000,12873123
이수역,동작구,사당동,3136414.651,25,의류잡화,13229211,12873123
이수역,동작구,사당동,3136414.651,35,의류잡화,13469414,36047023
이수역,동작구,사당동,3136414.651,45,의류잡화,17010978,36047023
이수역,동작구,사당동,3136414.651,35,의류잡화,18520896,36047023
이수역,동작구,사당동,3136414.651,64,의류잡화,33866781,36047023
총신대입구역,동작구,사당동,3136414.651,12.63,의류잡화,411690,7536245
총신대입구역,동작구,사당동,3136414.651,16.3,의류잡화,1805000,21972523
남성역,동작구,사당동,3136414.651,15,카페,1593084,21452951
사당역,동작구,사당동,3136414.651,30.7,카페,3640207,18777922
사당역,동작구,사당동,3136414.651,24.8,카페,8399436,53081616
사당역,동작구,사당동,3136414.651,23,카페,20161146,53081616
이수역,동작구,사당동,3136414.651,51,카페,14689848,36047023
총신대입구역,동작구,사당동,3136414.651,21.4,카페,3440245,2447913
남성역,동작구,사당동,3136414.651,45.25,편의점,8496620,11994675
사당역,동작구,사당동,3136414.651,12.75,편의점,1606946,9313472
사당역,동작구,사당동,3136414.651,20.5,편의점,11830200,53081616
이수역,동작구,사당동,3136414.651,54.05,편의점,11355960,12873123
남성역,동작구,사당동,3136414.651,21,화장품,2321440,5243865
남성역,동작구,사당동,3136414.651,45,화장품,4974514,21664346
사당역,동작구,사당동,3136414.651,15,화장품,1890525,7782766
사당역,동작구,사당동,3136414.651,30.7,화장품,4466000,18777922
사당역,동작구,사당동,3136414.651,62,화장품,10256200,53081616
사당역,동작구,사당동,3136414.651,26.4,화장품,12034000,53081616
사당역,동작구,사당동,3136414.651,57.72,화장품,33952646,53081616
이수역,동작구,사당동,3136414.651,74,화장품,21498166,36047023
총신대입구역,동작구,사당동,3136414.651,25.06,화장품,12319353,6221958
숭실대입구역,동작구,상도동,2661515.726,116,사무실,1127100,6695082
숭실대입구역,동작구,상도동,2661515.726,42,소매업,1300000,6695082
상도역,동작구,상도동,2661515.726,25.2,식품제과,3517000,53081616
숭실대입구역,동작구,상도동,2661515.726,22.02,식품제과,2762795,3975113
장승배기역,동작구,상도동,2661515.726,60,식품제과,5758659,12170014
상도역,동작구,상도동,2661515.726,26,의류잡화,2678076,53081616
상도역,동작구,상도동,2661515.726,50,의류잡화,4747226,53081616
숭실대입구역,동작구,상도동,2661515.726,28,의류잡화,2473310,6695082
숭실대입구역,동작구,상도동,2661515.726,35.7,의류잡화,3000000,10048777
장승배기역,동작구,상도동,2661515.726,40,의류잡화,3764720,6848450
장승배기역,동작구,상도동,2661515.726,38,의류잡화,3996555,12170014
상도역,동작구,상도동,2661515.726,112.57,편의점,18103470,53081616
숭실대입구역,동작구,상도동,2661515.726,39.29,편의점,9413140,10048777
장승배기역,동작구,상도동,2661515.726,36.18,편의점,7052210,12170014
상도역,동작구,상도동,2661515.726,34,화장품,3228114,53081616
숭실대입구역,동작구,상도동,2661515.726,30,화장품,2649975,3975113
장승배기역,동작구,상도동,2661515.726,40,화장품,4206900,12170014
장승배기역,동작구,상도동,2661515.726,40,화장품,4206900,12170014
장승배기역,동작구,상도동,2661515.726,54,화장품,5082373,12170014
신도림역,동작구,신대방동,2816656.399,22.5,식품제과,4641400,35557058
신도림역,동작구,신대방동,2816656.399,44.6,식품제과,7512000,35557058
신대방역,동작구,신대방동,2816656.399,24.9,의류잡화,4833300,11242252
신대방역,동작구,신대방동,2816656.399,240.3,의류잡화,25547700,35557058
신도림역,동작구,신대방동,2816656.399,27.4,의류잡화,4231383,35557058
신도림역,동작구,신대방동,2816656.399,22.5,의류잡화,5652200,35557058
신도림역,동작구,신대방동,2816656.399,85.5,의류잡화,33300000,4650208
신도림역,동작구,신대방동,2816656.399,12,카페,7891508,35557058
신도림역,동작구,신대방동,2816656.399,25,편의점,13213100,35557058
신도림역,동작구,신대방동,2816656.399,24.13,화장품,13500000,35557058
공덕역,마포구,공덕동,4338831.797,13.6,소매업,865728,23193457
공덕역,마포구,공덕동,4338831.797,32,소매업,1270000,23193457
공덕역,마포구,공덕동,4338831.797,32,소매업,1350000,23193457
공덕역,마포구,공덕동,4338831.797,28.5,소매업,1586667,23193457
공덕역,마포구,공덕동,4338831.797,37,소매업,1654000,23193457
공덕역,마포구,공덕동,4338831.797,32,소매업,3152770,23193457
공덕역,마포구,공덕동,4338831.797,33.71,소매업,4257000,23193457
공덕역,마포구,공덕동,4338831.797,66,소매업,4950339,23193457
공덕역,마포구,공덕동,4338831.797,22,식당,3817278,23193457
공덕역,마포구,공덕동,4338831.797,26,식품제과,2255664,23193457
공덕역,마포구,공덕동,4338831.797,26,식품제과,2255664,23193457
공덕역,마포구,공덕동,4338831.797,32,식품제과,2400164,23193457
공덕역,마포구,공덕동,4338831.797,165,식품제과,15963063,23193457
공덕역,마포구,공덕동,4338831.797,28.6,의류잡화,2056481,23193457
공덕역,마포구,공덕동,4338831.797,28.7,의류잡화,2063667,23193457
공덕역,마포구,공덕동,4338831.797,41.58,의류잡화,3511500,23193457
공덕역,마포구,공덕동,4338831.797,48,의류잡화,3600246,23193457
공덕역,마포구,공덕동,4338831.797,28.2,의류잡화,4366121,23193457
공덕역,마포구,공덕동,4338831.797,60,의류잡화,4500308,23193457
공덕역,마포구,공덕동,4338831.797,30,의류잡화,4810580,23193457
공덕역,마포구,공덕동,4338831.797,27,의류잡화,5120000,23193457
공덕역,마포구,공덕동,4338831.797,32,의류잡화,5131210,23193457
공덕역,마포구,공덕동,4338831.797,32,의류잡화,5131210,23193457
공덕역,마포구,공덕동,4338831.797,32.2,의류잡화,5163273,23193457
공덕역,마포구,공덕동,4338831.797,36,의류잡화,7269700,23193457
공덕역,마포구,공덕동,4338831.797,47.3,의류잡화,7453288,23193457
공덕역,마포구,공덕동,4338831.797,48.5,의류잡화,7642349,23193457
공덕역,마포구,공덕동,4338831.797,37,의류잡화,8022000,23193457
공덕역,마포구,공덕동,4338831.797,70.3,의류잡화,10109706,23193457
공덕역,마포구,공덕동,4338831.797,112,의류잡화,10835534,23193457
공덕역,마포구,공덕동,4338831.797,34.9,편의점,7008188,23193457
공덕역,마포구,공덕동,4338831.797,39.4,편의점,17509209,23193457
공덕역,마포구,공덕동,4338831.797,30,화장품,5205379,23193457
공덕역,마포구,공덕동,4338831.797,24,화장품,7500000,23193457
신촌역,마포구,노고산동,5640615.456,13.2,식당,12000200,50621572
신촌역,마포구,노고산동,5640615.456,9.8,의류잡화,8100200,50621572
신촌역,마포구,노고산동,5640615.456,21,의류잡화,9500200,50621572
신촌역,마포구,노고산동,5640615.456,32,의류잡화,18300200,50621572
신촌역,마포구,노고산동,5640615.456,30.17,의류잡화,19000000,24282489
신촌역,마포구,노고산동,5640615.456,18,카페,20472215,24282489
신촌역,마포구,노고산동,5640615.456,44.42,편의점,18581100,50621572
신촌역,마포구,노고산동,5640615.456,33,화장품,43165260,24282489
대흥역,마포구,대흥동,4573837.359,23,의류잡화,1805172,16503458
대흥역,마포구,대흥동,4573837.359,45,편의점,9890867,29796363
대흥역,마포구,대흥동,4573837.359,43.67,화장품,9052664,29796363
마포역,마포구,도화동,5353863.504,41.13,소매업,2638880,8549444
마포역,마포구,도화동,5353863.504,46.6,식품제과,2582786,8549444
마포역,마포구,도화동,5353863.504,29,편의점,5945871,8549444
마포역,마포구,도화동,5353863.504,17.43,화장품,4250000,8549444
홍대입구역,마포구,동교동,6923444.206,31,소매업,12083300,36008642
홍대입구역,마포구,동교동,6923444.206,33,식품제과,4551486,8831754
홍대입구역,마포구,동교동,6923444.206,17.11,의류잡화,2359876,6502064
홍대입구역,마포구,동교동,6923444.206,23.1,의류잡화,3186040,11935048
홍대입구역,마포구,동교동,6923444.206,28.02,의류잡화,3864625,11935048
홍대입구역,마포구,동교동,6923444.206,32.73,의류잡화,4514246,8831754
홍대입구역,마포구,동교동,6923444.206,34.76,의류잡화,4794232,8831754
홍대입구역,마포구,동교동,6923444.206,12,화장품,7833710,36008642
망원역,마포구,망원동,3874948.052,39,식품제과,3343440,8549444
망원역,마포구,망원동,3874948.052,50,의류잡화,4286462,8549444
망원역,마포구,망원동,3874948.052,28,편의점,7733234,8549444
망원역,마포구,망원동,3874948.052,29,화장품,2486148,8549444
상수역,마포구,상수동,4997464.371,29,소매업,2725594,8748623
상수역,마포구,상수동,4997464.371,33,식품제과,3478200,8748623
상수역,마포구,상수동,4997464.371,33,의류잡화,3478200,8748623
상수역,마포구,상수동,4997464.371,41,의류잡화,3853426,8748623
상수역,마포구,상수동,4997464.371,35,편의점,10415664,8748623
상수역,마포구,상수동,4997464.371,38,화장품,3571468,8748623
상수역,마포구,상수동,4997464.371,38,화장품,3957296,8748623
합정역,마포구,서교동,6453438.315,75,소매업,6741164,15786880
합정역,마포구,서교동,6453438.315,11.7,식당,1823529,14256053
합정역,마포구,서교동,6453438.315,13.69,식당,4210000,14256053
합정역,마포구,서교동,6453438.315,17.6,식당,6137300,15786880
합정역,마포구,서교동,6453438.315,27.49,식품제과,1669170,14256053
합정역,마포구,서교동,6453438.315,38.16,식품제과,5073604,15786880
합정역,마포구,서교동,6453438.315,58,식품제과,6766992,15786880
합정역,마포구,서교동,6453438.315,60,식품제과,6947262,15786880
합정역,마포구,서교동,6453438.315,15.8,식품제과,13110000,2063068
합정역,마포구,서교동,6453438.315,42.23,의류잡화,2564170,14256053
합정역,마포구,서교동,6453438.315,13.69,의류잡화,3167200,14256053
합정역,마포구,서교동,6453438.315,13.65,의류잡화,3270000,14256053
합정역,마포구,서교동,6453438.315,60.05,의류잡화,3646187,14256053
합정역,마포구,서교동,6453438.315,18.47,의류잡화,4440000,14256053
합정역,마포구,서교동,6453438.315,50,의류잡화,4494109,14256053
합정역,마포구,서교동,6453438.315,42.41,의류잡화,4510330,15786880
합정역,마포구,서교동,6453438.315,30.74,의류잡화,6359500,15786880
합정역,마포구,서교동,6453438.315,33.2,의류잡화,6791851,15786880
합정역,마포구,서교동,6453438.315,31.41,의류잡화,8010000,15786880
합정역,마포구,서교동,6453438.315,42.2,의류잡화,8057669,15786880
합정역,마포구,서교동,6453438.315,33.9,의류잡화,10300000,15786880
합정역,마포구,서교동,6453438.315,90.4,의류잡화,14505111,6502064
합정역,마포구,서교동,6453438.315,29.89,편의점,1814897,14256053
합정역,마포구,서교동,6453438.315,38.05,편의점,6020100,15786880
합정역,마포구,서교동,6453438.315,45,편의점,19812605,6502064
합정역,마포구,서교동,6453438.315,12.6,화장품,1986274,14256053
합정역,마포구,서교동,6453438.315,26.59,화장품,6256411,15786880
마포구청역,마포구,성산동,3097465.989,35,사무실,1041394,8549444
월드컵경기장역,마포구,성산동,3097465.989,33,소매업,3035495,17322122
월드컵경기장역,마포구,성산동,3097465.989,62,소매업,5703051,17322122
마포구청역,마포구,성산동,3097465.989,44,식품제과,1309181,8549444
마포구청역,마포구,성산동,3097465.989,40,의류잡화,3720020,8549444
마포구청역,마포구,성산동,3097465.989,51,의류잡화,4743025,8549444
마포구청역,마포구,성산동,3097465.989,33,카페,2567221,8549444
마포구청역,마포구,성산동,3097465.989,40,카페,3111783,8549444
마포구청역,마포구,성산동,3097465.989,39,편의점,8887786,8549444
월드컵경기장역,마포구,성산동,3097465.989,43,편의점,4265462,17322122
아현역,마포구,아현동,4583214.466,25,카페,1749716,35918861
아현역,마포구,아현동,4583214.466,24.05,편의점,1230000,35918861
애오개역,마포구,아현동,4583214.466,32.2,편의점,4577500,10809123
아현역,마포구,아현동,4583214.466,35.2,화장품,2626349,35918861
이대역,마포구,염리동,3930956.323,20,식품제과,3200000,23263824
이대역,마포구,염리동,3930956.323,14.6,의류잡화,3510000,23263824
이대역,마포구,염리동,3930956.323,33,의류잡화,6111073,23263824
이대역,마포구,염리동,3930956.323,14.5,의류잡화,7629624,12873123
이대역,마포구,염리동,3930956.323,21.13,의류잡화,7700000,12873123
이대역,마포구,염리동,3930956.323,27.66,의류잡화,8478400,12873123
이대역,마포구,염리동,3930956.323,13.51,화장품,10623876,12873123
광흥창역,마포구,창전동,4081228.112,50,소매업,934981,19314567
광흥창역,마포구,창전동,4081228.112,50,소매업,934981,19314567
광흥창역,마포구,창전동,4081228.112,106,소매업,1489358,19314567
광흥창역,마포구,창전동,4081228.112,87,소매업,1626868,26331043
광흥창역,마포구,창전동,4081228.112,32,소매업,1695984,26331043
광흥창역,마포구,창전동,4081228.112,20,소매업,1962944,26331043
광흥창역,마포구,창전동,4081228.112,44,소매업,2300157,26331043
광흥창역,마포구,창전동,4081228.112,40,편의점,5471602,6780642
광흥창역,마포구,창전동,4081228.112,66,화장품,2366071,26331043
광흥창역,마포구,창전동,4081228.112,25,화장품,2941547,6780642
홍제역,서대문구,홍제동,2451409.514,14.41,소매업,550000,36008642
홍제역,서대문구,홍제동,2451409.514,1351,소매업,55185100,36008642
홍제역,서대문구,홍제동,2451409.514,14.41,의류잡화,324900,36008642
홍제역,서대문구,홍제동,2451409.514,14.41,의류잡화,367000,36008642
홍제역,서대문구,홍제동,2451409.514,14.41,의류잡화,434700,36008642
홍제역,서대문구,홍제동,2451409.514,14.41,의류잡화,434700,36008642
홍제역,서대문구,홍제동,2451409.514,14.41,의류잡화,518000,36008642
홍제역,서대문구,홍제동,2451409.514,15.52,카페,2231248,36008642
고속터미널역,서초구,반포동,6874782.444,360,사무실,3949782,58550036
고속터미널역,서초구,반포동,6874782.444,556,사무실,6100218,58550036
고속터미널역,서초구,반포동,6874782.444,123.69,소매업,145000000,58550036
고속터미널역,서초구,반포동,6874782.444,20.45,식품제과,3551733,58550036
고속터미널역,서초구,반포동,6874782.444,44,식품제과,4391210,58550036
고속터미널역,서초구,반포동,6874782.444,71.53,식품제과,7470141,58550036
고속터미널역,서초구,반포동,6874782.444,13.67,의류잡화,2374190,58550036
고속터미널역,서초구,반포동,6874782.444,47,의류잡화,5229593,58550036
고속터미널역,서초구,반포동,6874782.444,48,의류잡화,5340861,58550036
고속터미널역,서초구,반포동,6874782.444,61.37,의류잡화,10658673,58550036
고속터미널역,서초구,반포동,6874782.444,33.75,의류잡화,12669100,58550036
고속터미널역,서초구,반포동,6874782.444,106.63,의류잡화,18519380,58550036
고속터미널역,서초구,반포동,6874782.444,7475.19,의류잡화,279648140,58550036
고속터미널역,서초구,반포동,6874782.444,16,카페,11540880,58550036
고속터미널역,서초구,반포동,6874782.444,60.27,편의점,17542140,58550036
고속터미널역,서초구,반포동,6874782.444,28.8,화장품,31563813,58550036
방배역,서초구,방배동,5231113.104,20.43,식당,856080,21498737
방배역,서초구,방배동,5231113.104,18,식품제과,980000,21498737
방배역,서초구,방배동,5231113.104,19.32,식품제과,2712000,21498737
내방역,서초구,방배동,5231113.104,34,의류잡화,1710654,11994675
내방역,서초구,방배동,5231113.104,45,의류잡화,4200000,11994675
내방역,서초구,방배동,5231113.104,30.78,의류잡화,4211869,8343060
방배역,서초구,방배동,5231113.104,19.43,의류잡화,1300000,21498737
내방역,서초구,방배동,5231113.104,62.21,편의점,13549360,8343060
내방역,서초구,방배동,5231113.104,28,화장품,2489840,11994675
내방역,서초구,방배동,5231113.104,28,화장품,2489840,11994675
방배역,서초구,방배동,5231113.104,27,화장품,5558775,21498737
교대역,서초구,서초동,8977855.86,37.7,사무실,452700,6780642
교대역,서초구,서초동,8977855.86,11,사무실,470000,6780642
양재역,서초구,서초동,8977855.86,27.2,소매업,4391600,19148877
교대역,서초구,서초동,8977855.86,37.7,식품제과,1500000,6780642
교대역,서초구,서초동,8977855.86,37.7,식품제과,1533300,6780642
교대역,서초구,서초동,8977855.86,18,식품제과,3510000,6780642
교대역,서초구,서초동,8977855.86,15,식품제과,8196400,36698095
교대역,서초구,서초동,8977855.86,15,의류잡화,2977646,6780642
교대역,서초구,서초동,8977855.86,29.28,의류잡화,3762120,6780642
교대역,서초구,서초동,8977855.86,28.05,의류잡화,3950000,6780642
서초역,서초구,서초동,8977855.86,17.8,의류잡화,1800900,4557561
서초역,서초구,서초동,8977855.86,21.82,의류잡화,2248172,4557561
서초역,서초구,서초동,8977855.86,16,의류잡화,2673831,4557561
서초역,서초구,서초동,8977855.86,32.02,의류잡화,5225000,8453862
양재역,서초구,서초동,8977855.86,21,의류잡화,4112735,19148877
양재역,서초구,서초동,8977855.86,40,의류잡화,6033000,19148877
양재역,서초구,서초동,8977855.86,44.88,의류잡화,6220358,19148877
양재역,서초구,서초동,8977855.86,44.98,의류잡화,7468411,19148877
양재역,서초구,서초동,8977855.86,51.92,의류잡화,8750000,19148877
교대역,서초구,서초동,8977855.86,18.6,카페,10206945,36698095
서초역,서초구,서초동,8977855.86,20.6,카페,3172280,4557561
양재역,서초구,서초동,8977855.86,20,카페,13648143,19148877
교대역,서초구,서초동,8977855.86,113.1,편의점,4433300,36698095
서초역,서초구,서초동,8977855.86,32.02,편의점,11337700,8453862
반포역,서초구,잠원동,7093313.531,1260.58,소매업,15229200,21498737
반포역,서초구,잠원동,7093313.531,30,식당,3610784,21498737
반포역,서초구,잠원동,7093313.531,23.8,의류잡화,1816660,12305513
반포역,서초구,잠원동,7093313.531,40,의류잡화,3044360,21498737
반포역,서초구,잠원동,7093313.531,42,의류잡화,3549416,21498737
반포역,서초구,잠원동,7093313.531,43,카페,3633926,21498737
반포역,서초구,잠원동,7093313.531,40.36,편의점,7804830,21498737
금호역,성동구,금호동,3383240.279,18.61,소매업,692200,17981165
금호역,성동구,금호동,3383240.279,28,식품제과,798000,17981165
금호역,성동구,금호동,3383240.279,21,의류잡화,893000,17981165
신금호역,성동구,금호동,2887114.729,23.5,의류잡화,1700000,13361783
금호역,성동구,금호동,3383240.279,25.3,편의점,1175000,17981165
신금호역,성동구,금호동,3194815.385,39.14,편의점,5585481,13361783
금호역,성동구,금호동,3383240.279,50.3,화장품,3559459,6869239
마장역,성동구,마장동,3003478.818,30,편의점,4361266,6692931
뚝섬역,성동구,성수동,4035113.394,21.99,소매업,1166700,14916416
성수역,성동구,성수동,4035113.394,22.8,식당,4800000,9799670
성수역,성동구,성수동,4035113.394,32.76,식품제과,550000,9799670
성수역,성동구,성수동,4035113.394,16.28,식품제과,1712000,9799670
뚝섬역,성동구,성수동,4035113.394,14.23,의류잡화,661700,14916416
뚝섬역,성동구,성수동,4035113.394,25.17,의류잡화,2405887,14916416
성수역,성동구,성수동,4035113.394,21.3,의류잡화,2814300,9799670
뚝섬역,성동구,성수동,4035113.394,31.2,편의점,4279000,14916416
성수역,성동구,성수동,4035113.394,28.4,화장품,8183257,9799670
옥수역,성동구,옥수동,2427884.119,11.6,식품제과,2260000,35217625
옥수역,성동구,옥수동,2427884.119,18.9,편의점,837200,17329947
옥수역,성동구,옥수동,2427884.119,41.64,화장품,6691754,35217625
답십리역,성동구,용답동,2906416.903,57.89,식품제과,6668830,14535273
답십리역,성동구,용답동,2906416.903,28.86,의류잡화,3310000,14535273
답십리역,성동구,용답동,2906416.903,35.8,의류잡화,3665038,14535273
답십리역,성동구,용답동,2906416.903,40,편의점,8179176,14535273
상왕십리역,성동구,하왕십리동,3171171.109,30,식품제과,1361800,8748623
상왕십리역,성동구,하왕십리동,3171171.109,37,편의점,6161600,3762415
상왕십리역,성동구,하왕십리동,3171171.109,30.6,화장품,6190489,43642302
왕십리역,성동구,행당동,3346570.027,50,사무실,516600,30289027
왕십리역,성동구,행당동,3346570.027,12.35,소매업,1129600,30289027
왕십리역,성동구,행당동,3346570.027,53.7,소매업,2640000,30289027
왕십리역,성동구,행당동,3346570.027,53.75,식당,3500000,18558284
왕십리역,성동구,행당동,3346570.027,19,식당,4211100,7145019
왕십리역,성동구,행당동,3346570.027,24.5,식품제과,2263435,30289027
왕십리역,성동구,행당동,3346570.027,37,식품제과,6511000,7625017
왕십리역,성동구,행당동,3346570.027,73.57,식품제과,9105000,7625017
한양대역,성동구,행당동,3346570.027,90.1,의료,4900000,10925606
왕십리역,성동구,행당동,3346570.027,10.3,의류잡화,650000,30289027
왕십리역,성동구,행당동,3346570.027,12.35,의류잡화,1538900,30289027
왕십리역,성동구,행당동,3346570.027,84.48,의류잡화,2013460,30289027
왕십리역,성동구,행당동,3346570.027,24.7,의류잡화,2101000,30289027
왕십리역,성동구,행당동,3346570.027,24.5,의류잡화,2263435,30289027
왕십리역,성동구,행당동,3346570.027,30.06,의류잡화,2777096,30289027
왕십리역,성동구,행당동,3346570.027,53.7,의류잡화,3020000,18558284
왕십리역,성동구,행당동,3346570.027,44.43,의류잡화,4104670,18558284
왕십리역,성동구,행당동,3346570.027,37,의류잡화,5750000,18515363
왕십리역,성동구,행당동,3346570.027,33.68,의류잡화,5760100,7625017
한양대역,성동구,행당동,3346570.027,13.9,카페,2850900,10925606
왕십리역,성동구,행당동,3346570.027,27.65,편의점,2554448,30289027
왕십리역,성동구,행당동,3346570.027,40,편의점,5167430,7483436
한양대역,성동구,행당동,3346570.027,18,편의점,3334700,10925606
행당역,성동구,행당동,3346570.027,41.46,편의점,6615641,6502064
왕십리역,성동구,행당동,3346570.027,55.83,화장품,5514788,18515363
길음역,성북구,길음동,3347344.977,100,식품제과,6436000,7039787
길음역,성북구,길음동,3347344.977,20.04,화장품,4987743,7039787
성신여대입구역,성북구,동선동,3171398.122,21.09,식품제과,1216760,9799670
성신여대입구역,성북구,동선동,3171398.122,19.7,식품제과,1609300,9799670
성신여대입구역,성북구,동선동,5773085.106,16.5,의류잡화,1160379,9799670
성신여대입구역,성북구,동선동,3171398.122,32.47,의류잡화,4630000,9799670
성신여대입구역,성북구,동선동,3171398.122,16,카페,2774250,9799670
성신여대입구역,성북구,동선동,3171398.122,30.8,카페,4458833,9799670
보문역,성북구,보문동,3495549.333,16,소매업,2264273,12403881
보문역,성북구,보문동,3495549.333,24,식품제과,2823885,12403881
보문역,성북구,보문동,3495549.333,14.1,의류잡화,825000,12403881
보문역,성북구,보문동,3495549.333,36,의류잡화,3020041,12403881
보문역,성북구,보문동,3495549.333,35,편의점,7083036,14863639
보문역,성북구,보문동,3495549.333,43.35,화장품,9317598,14863639
한성대입구역,성북구,삼선동,2460275.88,69.34,카페,3063527,10925606
한성대입구역,성북구,삼선동,2460275.88,14.8,화장품,3318253,10925606
상월곡역,성북구,상월곡동,2256979.78,62,소매업,1197809,14727131
상월곡역,성북구,상월곡동,2256979.78,39,소매업,1490805,14727131
상월곡역,성북구,상월곡동,2256979.78,40,소매업,1529030,14727131
상월곡역,성북구,상월곡동,2256979.78,160,소매업,3091121,8219380
상월곡역,성북구,상월곡동,2256979.78,47,카페,1548970,14727131
상월곡역,성북구,상월곡동,2256979.78,48,카페,1581926,14727131
상월곡역,성북구,상월곡동,2256979.78,38.4,편의점,4299077,8219380
돌곶이역,성북구,석관동,2218474.272,22,식품제과,2815275,29796363
돌곶이역,성북구,석관동,2218474.272,37,의류잡화,1762207,29796363
돌곶이역,성북구,석관동,2218474.272,15,의류잡화,2324539,29796363
돌곶이역,성북구,석관동,2218474.272,53,의류잡화,4872090,6634131
돌곶이역,성북구,석관동,2218474.272,41,카페,3768975,29796363
돌곶이역,성북구,석관동,2218474.272,37.8,편의점,8738785,6634131
돌곶이역,성북구,석관동,2218474.272,30,화장품,2757787,29796363
안암역,성북구,안암동,2578702.066,30,소매업,4528547,22805419
안암역,성북구,안암동,2578702.066,17,식당,1210103,22805419
안암역,성북구,안암동,2578702.066,31,식품제과,2136200,22805419
안암역,성북구,안암동,2578702.066,27,의류잡화,5131205,22805419
안암역,성북구,안암동,2578702.066,31,의류잡화,2136200,22805419
안암역,성북구,안암동,2578702.066,32,의류잡화,4628416,22805419
안암역,성북구,안암동,2578702.066,42.2,편의점,14660052,22805419
안암역,성북구,안암동,2578702.066,40.99,화장품,15628019,22805419
고려대역,성북구,종암동,2215475.627,63,의류잡화,5076794,6934825
고려대역,성북구,종암동,2215475.627,25,카페,2014601,6934825
고려대역,성북구,종암동,2215475.627,35,편의점,10602944,6934825
고려대역,성북구,종암동,2215475.627,37,화장품,2981609,6934825
고려대역,성북구,종암동,2215475.627,38.39,화장품,7571147,6934825
월곡역,성북구,하월곡동,2764936.4,27,식품제과,3400715,17322122
월곡역,성북구,하월곡동,2764936.4,43,의류잡화,2844041,17322122
월곡역,성북구,하월곡동,2764936.4,16,카페,1882590,17322122
월곡역,성북구,하월곡동,2764936.4,42,카페,2777900,17322122
월곡역,성북구,하월곡동,2764936.4,35,편의점,11260826,17322122
월곡역,성북구,하월곡동,2764936.4,30,화장품,4528547,17322122
월곡역,성북구,하월곡동,2764936.4,58,화장품,9048484,17322122
가락시장역,송파구,가락동,5233672.496,21,소매업,3519900,13266465
경찰병원역,송파구,가락동,5233672.496,57,소매업,1120000,5596289
가락시장역,송파구,가락동,5233672.496,24.61,식품제과,2833330,13266465
경찰병원역,송파구,가락동,5233672.496,37.4,식품제과,518300,5596289
송파역,송파구,가락동,5233672.496,27.15,식품제과,1712000,6790870
가락시장역,송파구,가락동,5233672.496,33,편의점,7167277,13266465
송파역,송파구,가락동,5233672.496,32.2,편의점,5517976,36949618
가락시장역,송파구,가락동,5233672.496,30.44,화장품,12768731,13266465
거여역,송파구,거여동,3628035.722,28.98,편의점,4559758,4980407
마천역,송파구,마천동,3003478.818,30,편의점,4234853,8549444
문정역,송파구,문정동,4522444.664,30,편의점,5552551,11670476
방이역,송파구,방이동,5097320.65,36.48,편의점,5832764,21498737
올림픽공원역,송파구,방이동,5097320.65,37.2,편의점,5832764,30289027
방이역,송파구,방이동,5097320.65,25.58,화장품,12418618,12253637
석촌역,송파구,석촌동,5404716.751,30,소매업,2500000,75123
석촌역,송파구,석촌동,5404716.751,38,편의점,9780832,75123
잠실나루역,송파구,신천동,6484496.503,25.62,식품제과,4510000,15015145
잠실나루역,송파구,신천동,6484496.503,102.5,의료,16511400,15015145
잠실나루역,송파구,신천동,6484496.503,24,의류잡화,4200000,13118047
잠실나루역,송파구,신천동,6484496.503,27.54,의류잡화,4494700,15015145
잠실나루역,송파구,신천동,6484496.503,24.8,의류잡화,7249891,15015145
몽촌토성역,송파구,신천동,6484496.503,36,편의점,7487918,11670476
잠실나루역,송파구,신천동,6484496.503,48.1,편의점,7311700,15015145
개롱역,송파구,오금동,4295677.71,40,편의점,6316240,4964902
오금역,송파구,오금동,4295677.71,27.38,편의점,3373245,8697543
잠실역,송파구,잠실동,6502520.771,20.9,소매업,7010000,12326336
종합운동장역,송파구,잠실동,6502520.771,53.2,소매업,5124200,31159274
잠실역,송파구,잠실동,6502520.771,10.45,식당,2230000,12326336
잠실역,송파구,잠실동,6502520.771,12,식당,7933100,12326336
잠실역,송파구,잠실동,6502520.771,14,식당,10000000,12326336
잠실역,송파구,잠실동,6502520.771,191,식당,150873570,6848450
잠실역,송파구,잠실동,6502520.771,80,식품제과,12065614,7385630
잠실새내역,송파구,잠실동,6502520.771,21,의류잡화,3459700,15015145
잠실새내역,송파구,잠실동,6502520.771,26.5,의류잡화,9202600,12326336
잠실역,송파구,잠실동,6502520.771,10.45,의류잡화,2225800,12326336
잠실역,송파구,잠실동,6502520.771,20.82,의류잡화,4600000,12326336
잠실역,송파구,잠실동,6502520.771,20.9,의류잡화,5010000,12326336
잠실역,송파구,잠실동,6502520.771,34,의류잡화,5127886,12326336
잠실역,송파구,잠실동,6502520.771,34,의류잡화,5127886,12326336
잠실역,송파구,잠실동,6502520.771,36,의류잡화,5429526,12326336
잠실역,송파구,잠실동,6502520.771,38,의류잡화,15846779,13754431
잠실새내역,송파구,잠실동,6502520.771,11,카페,2954576,15015145
잠실새내역,송파구,잠실동,6502520.771,23.2,카페,7944919,12326336
잠실역,송파구,잠실동,6502520.771,10.38,카페,4243747,12326336
잠실역,송파구,잠실동,6502520.771,14.2,카페,9839300,12326336
잠실역,송파구,잠실동,6502520.771,12,카페,19850077,13754431
종합운동장역,송파구,잠실동,6502520.771,25,카페,3047745,15116310
종합운동장역,송파구,잠실동,6502520.771,25,카페,3706904,15116310
잠실역,송파구,잠실동,6502520.771,21.3,편의점,21738300,13754431
종합운동장역,송파구,잠실동,6502520.771,71.8,편의점,7535000,31159274
종합운동장역,송파구,잠실동,6502520.771,31.1,편의점,7924900,31159274
잠실역,송파구,잠실동,6502520.771,15.5,화장품,11191700,7385630
잠실역,송파구,잠실동,6502520.771,124.91,화장품,18838948,13754431
잠실역,송파구,잠실동,6502520.771,31.2,화장품,26509000,6848450
잠실역,송파구,잠실동,6502520.771,37.73,화장품,29027319,6848450
잠실역,송파구,잠실동,6502520.771,31.4,화장품,30437222,6848450
장지역,송파구,장지동,1411731.342,12.85,식품제과,4100000,19438416
복정역,송파구,장지동,1411731.342,50,편의점,8911248,14863639
장지역,송파구,장지동,1411731.342,35.2,편의점,11392786,19438416
오목교역,양천구,목동,2395940.664,49.91928468,소매업,176500000,17329947
목동역,양천구,목동,6874782.444,26.42,식품제과,6918660,11670476
목동역,양천구,목동,6874782.444,22.98,식품제과,10110000,11670476
목동역,양천구,목동,6874782.444,31,의류잡화,3139431,7757014
목동역,양천구,목동,6874782.444,22.8,의류잡화,6331000,7757014
목동역,양천구,목동,6874782.444,30,편의점,7015950,11670476
오목교역,양천구,목동,6874782.444,43.51,편의점,12003739,17329947
목동역,양천구,목동,6874782.444,23.69,화장품,2500000,7757014
신정네거리역,양천구,신정동,2479790.21,42.45,카페,2589402,43585349
양천구청역,양천구,신정동,2479790.21,26.04,카페,1740107,19148877
신정역,양천구,신정동,2479790.21,24,편의점,4548669,43585349
양천구청역,양천구,신정동,2479790.21,18.84,화장품,1535500,19148877
당산역,영등포구,당산동,3515569.136,12,식당,2810000,14535273
당산역,영등포구,당산동,3515569.136,26.14,식품제과,7312000,14535273
영등포구청역,영등포구,당산동,3515569.136,24.8,식품제과,5885383,11779374
당산역,영등포구,당산동,3515569.136,25,의류잡화,2575815,14535273
당산역,영등포구,당산동,3515569.136,22,의류잡화,11700139,7997301
영등포구청역,영등포구,당산동,3515569.136,313.4,의류잡화,15593692,11779374
영등포구청역,영등포구,당산동,3515569.136,34.33,편의점,6300716,11779374
문래역,영등포구,문래동,3552434.629,17.83,식품제과,2133300,11670476
문래역,영등포구,문래동,3552434.629,17,식품제과,5010000,11670476
문래역,영등포구,문래동,3552434.629,42,카페,3853705,11670476
문래역,영등포구,문래동,3552434.629,28.29,화장품,4817149,11670476
신풍역,영등포구,신길동,2771984.569,30,사무실,2556993,24282489
신풍역,영등포구,신길동,2771986.569,46,소매업,3702113,24282489
신풍역,영등포구,신길동,2771988.569,40,식품제과,3992009,24282489
신풍역,영등포구,신길동,2771991.569,32.82,편의점,6953210,24282489
신풍역,영등포구,신길동,2771985.569,30,화장품,2994007,24282489
신풍역,영등포구,신길동,2771987.569,47,화장품,3782594,24282489
신풍역,영등포구,신길동,2771989.569,45,화장품,4491010,24282489
신풍역,영등포구,신길동,2771990.569,45,화장품,4491010,24282489
여의도역,영등포구,여의도동,6649393.536,47,사무실,920040,12751478
여의도역,영등포구,여의도동,6649393.536,23.65,의류잡화,1224500,12751478
여의나루역,영등포구,여의도동,6649393.536,33.39,편의점,6716550,12751478
여의도역,영등포구,여의도동,6649393.536,35.24,편의점,9929005,25405481
신길역,영등포구,영등포동,4543015.827,20,식품제과,12500000,13361783
신길역,영등포구,영등포동,3309538.462,10,의류잡화,7800000,13361783
영등포시장역,영등포구,영등포동,6041813.097,37.3,편의점,6361705,11779374
숙대입구역,용산구,갈월동,6092637.514,9.8,식품제과,1672600,17714873
숙대입구역,용산구,갈월동,6092637.514,24.7,화장품,3500000,6695082
서울역,용산구,동자동,8209890.323,14.5,소매업,595600,10091976
서울역,용산구,동자동,8209890.323,17.5,소매업,666700,10091976
서울역,용산구,동자동,8209890.323,32.3,의류잡화,2870100,10091976
서울역,용산구,동자동,8209890.323,31.77,의류잡화,9000000,4557561
서울역,용산구,동자동,8209890.323,12,카페,5178550,4557561
서울역,용산구,동자동,8209890.323,41.3,화장품,17414416,4557561
이촌역,용산구,용산동,2906416.903,22,의류잡화,810000,36047023
이촌역,용산구,용산동,2906416.903,19.3,카페,1375427,36047023
녹사평역,용산구,용산동,2906416.903,40,편의점,8687609,33448476
이태원역,용산구,이태원동,5639129.588,19,소매업,3650937,36047023
이태원역,용산구,이태원동,5639129.588,25,편의점,11524939,36047023
이태원역,용산구,이태원동,5639129.588,24,화장품,4511328,36047023
이태원역,용산구,이태원동,5639129.588,34,화장품,6533256,36047023
삼각지역,용산구,한강로1가,8743346.225,258.2,사무실,1731200,53081616
삼각지역,용산구,한강로1가,8743346.225,30,소매업,1531097,53081616
삼각지역,용산구,한강로1가,8743346.225,26,소매업,1799366,53081616
삼각지역,용산구,한강로1가,8743346.225,38,소매업,1939389,53081616
삼각지역,용산구,한강로1가,8743346.225,125,소매업,3577208,53081616
삼각지역,용산구,한강로1가,8743346.225,46,식품제과,2737377,53081616
삼각지역,용산구,한강로1가,8743346.225,31.8,편의점,6767033,53081616
삼각지역,용산구,한강로1가,8743346.225,40,화장품,2380328,53081616
신용산역,용산구,한강로2가,8743346.225,23.76,소매업,1600000,11889540
신용산역,용산구,한강로2가,8743346.225,17.5,소매업,551000,20611270
신용산역,용산구,한강로2가,8743346.225,15.5,소매업,631000,20611270
신용산역,용산구,한강로2가,8743346.225,15.3,소매업,710100,43585349
신용산역,용산구,한강로2가,8743346.225,15.5,소매업,716500,43585349
신용산역,용산구,한강로2가,8743346.225,16.95,식품제과,2617800,11889540
신용산역,용산구,한강로2가,8743346.225,15.3,식품제과,802000,43585349
신용산역,용산구,한강로2가,8743346.225,17.8,식품제과,1500000,43585349
신용산역,용산구,한강로2가,8743346.225,31,의류잡화,1410800,43585349
신용산역,용산구,한강로2가,8743346.225,11.4,카페,1532800,11889540
신용산역,용산구,한강로2가,8743346.225,15.5,편의점,860000,43585349
한강진역,용산구,한남동,5457571.773,30,식당,898550,10925606
한강진역,용산구,한남동,5457571.773,34,식당,1018357,10925606
한강진역,용산구,한남동,5457571.773,30,카페,898550,10925606
한강진역,용산구,한남동,5457571.773,34,카페,1018357,10925606
한강진역,용산구,한남동,5457571.773,40,편의점,8226611,10925606
한강진역,용산구,한남동,5457571.773,62,화장품,1857003,10925606
효창공원앞역,용산구,효창동,4199961.196,31,소매업,1995281,36008642
효창공원앞역,용산구,효창동,4199961.196,31,의류잡화,1995281,36008642
효창공원앞역,용산구,효창동,4199961.196,33,의류잡화,2124009,5868401
효창공원앞역,용산구,효창동,4199961.196,33,카페,2124009,31204509
효창공원앞역,용산구,효창동,4199961.196,43,편의점,8991099,60241918
효창공원앞역,용산구,효창동,4199961.196,63,화장품,4054926,31204509
연신내역,은평구,갈현동,6092637.514,33.7,소매업,2872731,11779374
연신내역,은평구,갈현동,6092637.514,12,식품제과,1555000,30206366
연신내역,은평구,갈현동,6092637.514,22,식품제과,1583300,30206366
연신내역,은평구,갈현동,6092637.514,18.32,식품제과,2684183,5179836
연신내역,은평구,갈현동,6092637.514,19.96,의류잡화,1715000,30206366
연신내역,은평구,갈현동,6092637.514,38.88,의류잡화,2179640,30206366
연신내역,은평구,갈현동,6092637.514,29.9,의류잡화,2565000,5179836
연신내역,은평구,갈현동,6092637.514,14.17,의류잡화,3550000,11779374
연신내역,은평구,갈현동,6092637.514,20,카페,4743799,11779374
연신내역,은평구,갈현동,6092637.514,38.3,카페,7330574,11779374
연신내역,은평구,갈현동,6092637.514,44,편의점,11916787,11779374
연신내역,은평구,갈현동,6092637.514,35,화장품,7920652,11779374
구산역,은평구,구산동,2209657.231,33,식품제과,2317275,36698095
구산역,은평구,구산동,2209657.231,30,의류잡화,2106614,36698095
구산역,은평구,구산동,2209657.231,33,의류잡화,2317275,36698095
구산역,은평구,구산동,2209657.231,33.2,편의점,7210770,36698095
구산역,은평구,구산동,2209657.231,58,화장품,4601968,36698095
역촌역,은평구,녹번동,2564737.178,37,사무실,1246160,13039746
역촌역,은평구,녹번동,2564737.178,37,사무실,1246160,30206366
역촌역,은평구,녹번동,2564737.178,72,사무실,2424959,30206366
녹번역,은평구,녹번동,2564737.178,29.3,식당,755800,10459644
녹번역,은평구,녹번동,2564737.178,12.65,식품제과,418000,10459644
녹번역,은평구,녹번동,2564737.178,19.3,식품제과,512000,10459644
녹번역,은평구,녹번동,2564737.178,23.9,식품제과,522600,10459644
녹번역,은평구,녹번동,2564737.178,13.47,의류잡화,801000,10459644
녹번역,은평구,녹번동,2564737.178,20.61,의류잡화,823000,10459644
역촌역,은평구,녹번동,2564737.178,31.5,편의점,3889667,30206366
불광역,은평구,대조동,3220020.537,13.03,사무실,605800,6729384
불광역,은평구,대조동,3220020.537,43,사무실,1243887,5397167
불광역,은평구,대조동,3220020.537,34,소매업,600661,6729384
불광역,은평구,대조동,3220020.537,47,소매업,1864590,5397167
불광역,은평구,대조동,3220020.537,39.05,식품제과,1545800,5397167
불광역,은평구,대조동,3220020.537,12.99,의류잡화,684100,6729384
불광역,은평구,대조동,3220020.537,13.02,의류잡화,1101000,6729384
불광역,은평구,대조동,3220020.537,35,의류잡화,3247300,7741442
불광역,은평구,대조동,3220020.537,46,카페,1824918,5397167
불광역,은평구,대조동,3220020.537,30,편의점,1370645,5397167
불광역,은평구,대조동,3220020.537,23,편의점,1470300,5397167
불광역,은평구,대조동,3220020.537,18.81,화장품,6929948,16859449
독바위역,은평구,불광동,2543639.934,26,소매업,889110,29796363
독바위역,은평구,불광동,2543639.934,26,소매업,889110,29796363
독바위역,은평구,불광동,2543639.934,33,소매업,1128486,29796363
독바위역,은평구,불광동,2543639.934,31.3,편의점,2860106,29796363
디지털미디어시티역,은평구,수색동,2360701.811,33,소매업,3613684,8957089
디지털미디어시티역,은평구,수색동,2360701.811,55,소매업,5113986,14916416
디지털미디어시티역,은평구,수색동,2360701.811,55,소매업,5113986,14916416
디지털미디어시티역,은평구,수색동,2360701.811,95.86,의료,3461833,8957089
디지털미디어시티역,은평구,수색동,2360701.811,212.39,의료,4255000,8957089
디지털미디어시티역,은평구,수색동,2360701.811,40,카페,4508573,14916416
디지털미디어시티역,은평구,수색동,2360701.811,33,편의점,6279857,14916416
디지털미디어시티역,은평구,수색동,2360701.811,30,화장품,3381430,8957089
디지털미디어시티역,은평구,수색동,2360701.811,81,화장품,8869952,14916416
새절역,은평구,신사동,2263646.268,39,소매업,2861111,10875617
새절역,은평구,신사동,2263646.268,100,소매업,7336183,12529012
새절역,은평구,신사동,2263646.268,48,식품제과,3521368,10875617
새절역,은평구,신사동,2263646.268,43.6,식품제과,4846428,12529012
새절역,은평구,신사동,2263646.268,30.14,의류잡화,3865545,12529012
새절역,은평구,신사동,2263646.268,25,편의점,8914678,12529012
새절역,은평구,신사동,2263646.268,26,화장품,1907408,8219380
응암역,은평구,역촌동,2645725.401,34.64,식품제과,5701434,23263824
응암역,은평구,역촌동,2645725.401,15,의류잡화,2541824,23263824
응암역,은평구,역촌동,2645725.401,30,의류잡화,5083648,23263824
응암역,은평구,역촌동,2645725.401,38.8,편의점,16641024,23263824
응암역,은평구,역촌동,2645725.401,31,화장품,5253103,23263824
응암역,은평구,역촌동,2645725.401,50,화장품,8472747,23263824
증산역,은평구,증산동,2463259.781,48,식품제과,4263015,18838940
증산역,은평구,증산동,2463259.781,31,의류잡화,4195535,18838940
증산역,은평구,증산동,2463259.781,28,편의점,7956050,12196007
증산역,은평구,증산동,2463259.781,29,화장품,2575571,18838940
증산역,은평구,증산동,2463259.781,37,화장품,3286074,18838940
광화문역,종로구,도염동,14692868.85,849,사무실,6976750,19314567
광화문역,종로구,도염동,14692868.85,104.1,서점,10982800,19314567
광화문역,종로구,도염동,1577171.921,10,의류잡화,1236200,19314567
광화문역,종로구,도염동,14692868.85,6.3,의류잡화,1600000,19314567
광화문역,종로구,도염동,14692868.85,56,편의점,25342583,19314567
혜화역,종로구,명륜4가,6180326.613,17.46,의류잡화,9500000,6502064
혜화역,종로구,명륜4가,6180326.613,20,카페,8756376,6502064
동묘앞역,종로구,숭인동,3363101.502,45,소매업,1287795,33029923
동묘앞역,종로구,숭인동,3363101.502,26,소매업,1773057,33029923
동묘앞역,종로구,숭인동,3363101.502,33,소매업,2250418,33029923
동묘앞역,종로구,숭인동,3363101.502,33,소매업,2250418,33029923
동묘앞역,종로구,숭인동,3363101.502,43,소매업,2932363,33029923
동묘앞역,종로구,숭인동,3363101.502,50,소매업,3409725,33029923
동묘앞역,종로구,숭인동,3363101.502,17.7,식품제과,6933900,33029923
동묘앞역,종로구,숭인동,3363101.502,48,편의점,6967649,33029923
동묘앞역,종로구,숭인동,3363101.502,30,화장품,2045835,33029923
안국역,종로구,안국동,5720937.037,19.09,소매업,611000,35918861
안국역,종로구,안국동,5720937.037,20.5,소매업,631200,35918861
안국역,종로구,안국동,5720937.037,20.5,소매업,653800,8490345
안국역,종로구,안국동,5720937.037,19.5,소매업,742300,8490345
안국역,종로구,안국동,5720937.037,28.8,소매업,795400,8490345
안국역,종로구,안국동,5720937.037,27.1,소매업,810500,8490345
안국역,종로구,안국동,5720937.037,20.5,소매업,827400,8490345
안국역,종로구,안국동,5720937.037,28.8,소매업,930000,8490345
안국역,종로구,안국동,5720937.037,18.8,의류잡화,4222200,3565857
안국역,종로구,안국동,5720937.037,18.8,편의점,1301600,8490345
안국역,종로구,안국동,5720937.037,27.57,편의점,1480000,8490345
경복궁역,종로구,적선동,9317948.276,25.5,카페,3713383,18712629
종각역,종로구,종로1가,23658647.67,19.14,식품제과,5054101,75844902
종각역,종로구,종로1가,23658647.67,29.4,식품제과,7763353,75844902
종각역,종로구,종로1가,23658647.67,16.15,의류잡화,4264563,75844902
종각역,종로구,종로1가,23658647.67,18.64,의류잡화,4529968,75844902
종각역,종로구,종로1가,23658647.67,21.82,의류잡화,5761781,75844902
종각역,종로구,종로1가,23658647.67,23.14,의류잡화,6110340,75844902
종각역,종로구,종로1가,23658647.67,11,카페,5482596,75844902
종각역,종로구,종로1가,23658647.67,12,카페,6454632,75844902
종각역,종로구,종로1가,23658647.67,29.62,편의점,7821446,75844902
종각역,종로구,종로1가,23658647.67,29.3,편의점,6549400,75844902
종각역,종로구,종로1가,23658647.67,36.85,화장품,20734494,75844902
종로3가역,종로구,종로3가,23658647.67,16.57,소매업,1893760,75844902
종로3가역,종로구,종로3가,23658647.67,26,소매업,4350000,8043876
종로3가역,종로구,종로3가,23658647.67,20,소매업,4519000,8043876
종로3가역,종로구,종로3가,23658647.67,20,식당,7257000,13200408
종로3가역,종로구,종로3가,23658647.67,17.6,식품제과,4600000,8043876
종로3가역,종로구,종로3가,23658647.67,19.5,식품제과,8499900,13200408
종로3가역,종로구,종로3가,23658647.67,15.4,의류잡화,4005344,8043876
종로3가역,종로구,종로3가,23658647.67,11.88,의류잡화,7204294,8043876
종로3가역,종로구,종로3가,23658647.67,47,의류잡화,20300000,13547292
종로3가역,종로구,종로3가,23658647.67,21.4,카페,1360000,75844902
종로3가역,종로구,종로3가,23658647.67,11,카페,2896828,8043876
종로3가역,종로구,종로3가,23658647.67,23.4,편의점,2260000,75844902
종로3가역,종로구,종로3가,23658647.67,29.48,편의점,8575050,13547292
종로3가역,종로구,종로3가,23658647.67,21,화장품,5510000,8043876
종로3가역,종로구,종로3가,23658647.67,63.95,화장품,11673679,13547292
종로5가역,종로구,종로5가,23658647.67,16.16,식품제과,5000000,13547292
종로5가역,종로구,종로5가,23658647.67,14.11,의류잡화,1504866,13547292
종로5가역,종로구,종로5가,23658647.67,25.13,의류잡화,5510000,13547292
종로5가역,종로구,종로5가,23658647.67,13,의류잡화,5678900,15116310
종로5가역,종로구,종로5가,23658647.67,44.1,화장품,14923307,15116310
창신역,종로구,창신동,3498277.047,34,소매업,969488,12196007
창신역,종로구,창신동,3498277.047,34,소매업,969488,11120870
창신역,종로구,창신동,3498277.047,34,소매업,969488,11120870
창신역,종로구,창신동,3498277.047,34,소매업,969488,11120870
동대문역,종로구,창신동,3498277.047,20.1,식품제과,2098500,7633194
동대문역,종로구,창신동,3498277.047,20.36,식품제과,2125645,7633194
동대문역,종로구,창신동,3498277.047,19.84,의류잡화,1380000,6634131
동대문역,종로구,창신동,3498277.047,17.5,의류잡화,1431300,4420475
동대문역,종로구,창신동,3498277.047,19.8,의류잡화,2067179,4420475
동대문역,종로구,창신동,3498277.047,20,의류잡화,2088060,4420475
동대문역,종로구,창신동,3498277.047,19.86,의류잡화,2356580,7633194
동대문역,종로구,창신동,3498277.047,24.6,의류잡화,2568313,7633194
동대문역,종로구,창신동,3498277.047,11,의류잡화,3993000,2222264
동대문역,종로구,창신동,3498277.047,40.7,의류잡화,4249202,2222264
동대문역,종로구,창신동,3498277.047,40.76,의류잡화,4255466,2222264
동대문역,종로구,창신동,3498277.047,24.47,의류잡화,9547970,6287409
동대문역,종로구,창신동,3498277.047,12.5,의류잡화,10020000,6287409
동대문역,종로구,창신동,3498277.047,28,카페,3054428,2222264
동대문역,종로구,창신동,3498277.047,10,카페,5109449,6287409
창신역,종로구,창신동,3498277.047,28,편의점,2689152,11120870
동대문역,종로구,창신동,3498277.047,30.44,화장품,5418000,6287409
서대문역,종로구,충정로2가,6935797.619,8.25,소매업,500000,12529012
서대문역,종로구,충정로2가,6935797.619,10.5,식당,2500000,8539503
서대문역,종로구,충정로2가,6935797.619,9.05,식품제과,600000,12529012
서대문역,종로구,충정로2가,6935797.619,11.88,식품제과,2710000,8539503
서대문역,종로구,충정로2가,6935797.619,9.06,의류잡화,550000,12529012
서대문역,종로구,충정로2가,6935797.619,10.5,의류잡화,610000,12529012
서대문역,종로구,충정로2가,6935797.619,42.95,의류잡화,5021000,8539503
서대문역,종로구,충정로2가,6935797.619,30.32,편의점,5124183,8539503
동대문역사문화공원역,중구,광희동,21319420.45,31.69,의류잡화,1155400,6287409
동대문역사문화공원역,중구,광희동,21319420.45,62.2,의류잡화,2446800,6287409
동대문역사문화공원역,중구,광희동,21319420.45,15,의류잡화,3100000,6287409
동대문역사문화공원역,중구,광희동,21319420.45,16.68,의류잡화,5551000,29861156
동대문역사문화공원역,중구,광희동,21319420.45,89,의류잡화,8100000,29861156
동대문역사문화공원역,중구,광희동,21319420.45,27.09,의류잡화,12776200,29861156
동대문역사문화공원역,중구,광희동,21319420.45,45.64,의류잡화,17200000,29861156
동대문역사문화공원역,중구,광희동,21319420.45,12,카페,4625497,29861156
동대문역사문화공원역,중구,광희동,21319420.45,32.5,카페,7718394,29861156
동대문역사문화공원역,중구,광희동,21319420.45,19.5,화장품,8176000,29861156
동대문역사문화공원역,중구,광희동,21319420.45,25.7,화장품,13621600,29861156
회현역,중구,남창동,15227164.85,81.7,의류잡화,8161384,36008642
회현역,중구,남창동,15227164.85,30,카페,1233658,36008642
시청역,중구,서소문동,5900979.695,11.9,소매업,684800,10048777
시청역,중구,서소문동,5900979.695,11.9,의류잡화,530500,10048777
시청역,중구,서소문동,5900979.695,17.2,의류잡화,850000,10048777
시청역,중구,서소문동,5900979.695,14.6,의류잡화,1563100,10048777
시청역,중구,서소문동,5900979.695,15.7,의류잡화,1780900,10048777
시청역,중구,서소문동,5900979.695,14.6,의류잡화,1929700,10048777
시청역,중구,서소문동,5900979.695,29.2,의류잡화,3110000,13361783
시청역,중구,서소문동,5900979.695,25,카페,6164224,13361783
버티고개역,중구,신당동,3301641.362,26,사무실,924030,4694450
약수역,중구,신당동,3301641.362,33,사무실,1305771,10809123
약수역,중구,신당동,3301641.362,46,사무실,1506508,10809123
약수역,중구,신당동,3301641.362,39,사무실,1543184,10809123
약수역,중구,신당동,3301641.362,85,사무실,2783765,10809123
버티고개역,중구,신당동,3301641.362,52,소매업,1240994,4694450
신당역,중구,신당동,3301641.362,11,소매업,850000,13361783
신당역,중구,신당동,3301641.362,33,식당,2148757,28142382
신당역,중구,신당동,3301641.362,40,식당,2604554,28142382
신당역,중구,신당동,3301641.362,26,식품제과,993870,13361783
신당역,중구,신당동,3301641.362,34.1,식품제과,3922883,28142382
청구역,중구,신당동,3301641.362,30,식품제과,2757557,11120870
신당역,중구,신당동,3301641.362,30,의류잡화,3780000,28142382
청구역,중구,신당동,3301641.362,47.89,의류잡화,4490383,11120870
약수역,중구,신당동,3301641.362,11.57,카페,3246217,7684698
신당역,중구,신당동,3301641.362,40,편의점,7397913,28142382
약수역,중구,신당동,3301641.362,77,편의점,10564528,7684698
청구역,중구,신당동,3301641.362,46.33,편의점,5754033,7271432
신당역,중구,신당동,3301641.362,30,화장품,1953415,13361783
약수역,중구,신당동,3301641.362,22.32,화장품,5217168,7684698
을지로3가역,중구,을지로동,21319420.45,54.3,사무실,1031800,17322122
을지로3가역,중구,을지로동,21319420.45,11.5,서점,872300,17322122
을지로3가역,중구,을지로동,21319420.45,13,소매업,1530000,17322122
을지로3가역,중구,을지로동,21319420.45,13.5,소매업,400000,17322122
을지로4가역,중구,을지로동,21319420.45,22.84,소매업,1356400,4540230
을지로4가역,중구,을지로동,21319420.45,14.9,소매업,660000,4540230
을지로입구역,중구,을지로동,21319420.45,16.7,소매업,14403100,11327003
을지로입구역,중구,을지로동,21319420.45,180,소매업,59400000,9256893
을지로입구역,중구,을지로동,21319420.45,16.7,소매업,12110000,23263824
을지로입구역,중구,을지로동,21319420.45,17.2,소매업,12150000,23263824
을지로3가역,중구,을지로동,21319420.45,27.9,식당,1525800,17322122
을지로입구역,중구,을지로동,21319420.45,75.95,식품제과,16137100,9256893
을지로입구역,중구,을지로동,21319420.45,17.6,식품제과,4503660,9256893
을지로3가역,중구,을지로동,21319420.45,10.2,의류잡화,1621000,17322122
을지로3가역,중구,을지로동,21319420.45,26.4,의류잡화,1998000,17322122
을지로3가역,중구,을지로동,21319420.45,20,의류잡화,2221600,17322122
을지로3가역,중구,을지로동,21319420.45,16.2,의류잡화,834200,17322122
을지로3가역,중구,을지로동,21319420.45,22.8,의류잡화,1265600,17322122
을지로3가역,중구,을지로동,21319420.45,18.96,의류잡화,1364680,17322122
을지로4가역,중구,을지로동,21319420.45,16.8,의류잡화,1500000,4540230
을지로4가역,중구,을지로동,21319420.45,14.9,의류잡화,635200,4540230
을지로4가역,중구,을지로동,21319420.45,14.9,의류잡화,663900,4540230
을지로4가역,중구,을지로동,21319420.45,23.2,의류잡화,705000,11327003
을지로4가역,중구,을지로동,21319420.45,19.6,의류잡화,799000,11327003
을지로입구역,중구,을지로동,21319420.45,32.51,의류잡화,15111000,11327003
을지로입구역,중구,을지로동,21319420.45,19.97,의류잡화,3300000,9256893
을지로입구역,중구,을지로동,21319420.45,40,의류잡화,6723839,9256893
을지로입구역,중구,을지로동,21319420.45,26.82,의류잡화,7711100,5326668
을지로입구역,중구,을지로동,21319420.45,19.47,의류잡화,11408319,5326668
을지로4가역,중구,을지로동,21319420.45,38,카페,2143653,4540230
을지로입구역,중구,을지로동,21319420.45,16,카페,11626196,5326668
을지로4가역,중구,을지로동,21319420.45,34.98,편의점,5063194,4540230
을지로입구역,중구,을지로동,21319420.45,17.2,편의점,7153000,9256893
을지로4가역,중구,을지로동,21319420.45,41.45,화장품,950000,11327003
을지로입구역,중구,을지로동,21319420.45,33.9,화장품,18040000,9256893
동대입구역,중구,장충동,3023523.968,33.3,사무실,429000,29861156
동대입구역,중구,장충동,3023523.968,33.7,사무실,521300,29861156
동대입구역,중구,장충동,3023523.968,16.8,소매업,201000,29861156
동대입구역,중구,장충동,3023523.968,17.14,소매업,250000,29861156
동대입구역,중구,장충동,3023523.968,33.37,식품제과,1529500,29861156
동대입구역,중구,장충동,3023523.968,33.46,의류잡화,513900,29861156
동대입구역,중구,장충동,3023523.968,16.68,편의점,328400,29861156
동대입구역,중구,장충동,3023523.968,17.04,편의점,1320000,29861156
명동역,중구,충무로2가,25555705.65,26,카페,17711479,7757014
충정로역,중구,충정로3가,4992004.666,20,식당,3000000,5745180
충정로역,중구,충정로3가,4992004.666,45,편의점,5773993,5745180
충정로역,중구,충정로3가,4992004.666,26.12,화장품,8207922,5745180
충무로역,중구,필동2가,4992004.666,17.57,의류잡화,9755300,17677579
충무로역,중구,필동2가,4992004.666,21,카페,3657259,30098232
충무로역,중구,필동2가,4992004.666,31.54,화장품,14422228,17677579
용마산역,중랑구,면목동,2333104.521,58,사무실,3487429,7717359
면목역,중랑구,면목동,2333104.521,24,소매업,2928300,7919922
면목역,중랑구,면목동,2333104.521,45,소매업,3059094,7919922
면목역,중랑구,면목동,2333104.521,45,소매업,3059094,7919922
면목역,중랑구,면목동,2333104.521,42,소매업,5124524,7757014
면목역,중랑구,면목동,2333104.521,107,소매업,9274705,7757014
사가정역,중랑구,면목동,2333104.521,112,소매업,13225699,6891397
용마산역,중랑구,면목동,2333104.521,36,소매업,2707623,7717359
면목역,중랑구,면목동,2333104.521,32,식당,5600000,7757014
사가정역,중랑구,면목동,2333104.521,63,식당,8578480,6891397
사가정역,중랑구,면목동,2333104.521,30,식품제과,4084990,16859449
용마산역,중랑구,면목동,2333104.521,66,식품제과,5666297,7717359
면목역,중랑구,면목동,2333104.521,29,의류잡화,2132026,7919922
면목역,중랑구,면목동,2333104.521,45.56,의류잡화,8706792,7757014
사가정역,중랑구,면목동,2333104.521,46,의류잡화,5431983,6891397
사가정역,중랑구,면목동,2333104.521,26.03,의류잡화,15254726,6891397
용마산역,중랑구,면목동,2333104.521,35,의류잡화,2632412,7717359
용마산역,중랑구,면목동,2333104.521,55,의류잡화,3488875,7717359
면목역,중랑구,면목동,2333104.521,36,카페,4392449,7757014
면목역,중랑구,면목동,2333104.521,36.08,편의점,8888000,7757014
사가정역,중랑구,면목동,2333104.521,32.21,편의점,8459000,6891397
용마산역,중랑구,면목동,2333104.521,28.8,편의점,5239850,7717359
면목역,중랑구,면목동,2333104.521,52,화장품,4507333,7757014
면목역,중랑구,면목동,2333104.521,53,화장품,4594013,7757014
사가정역,중랑구,면목동,2333104.521,58,화장품,6849023,6891397
용마산역,중랑구,면목동,2333104.521,55,화장품,3488875,7717359
먹골역,중랑구,묵동,2395940.664,16,소매업,862869,9828274
먹골역,중랑구,묵동,2395940.664,16,소매업,862869,9828274
먹골역,중랑구,묵동,2395940.664,16,소매업,862869,9828274
먹골역,중랑구,묵동,2395940.664,16,소매업,862869,9828274
먹골역,중랑구,묵동,2395940.664,16,소매업,862869,9828274
먹골역,중랑구,묵동,2395940.664,17,소매업,916798,9828274
먹골역,중랑구,묵동,2395940.664,17,소매업,916798,9828274
먹골역,중랑구,묵동,2395940.664,50,소매업,2686134,10206613
먹골역,중랑구,묵동,2395940.664,34,식품제과,2019766,10206613
먹골역,중랑구,묵동,2395940.664,48,의류잡화,2851435,10597448
먹골역,중랑구,묵동,2395940.664,58,의류잡화,2936151,10597448
먹골역,중랑구,묵동,2395940.664,57,카페,2885528,10597448
먹골역,중랑구,묵동,2395940.664,24.38,편의점,5328730,10597448
먹골역,중랑구,묵동,2395940.664,35,화장품,1789895,10206613
먹골역,중랑구,묵동,2395940.664,35,화장품,1789895,10206613
상봉역,중랑구,상봉동,2742454.278,74,소매업,6054960,53081616
상봉역,중랑구,상봉동,2742454.278,144,소매업,12095043,53081616
상봉역,중랑구,상봉동,2742454.278,52,의류잡화,3169638,53081616
상봉역,중랑구,상봉동,2742454.278,53,의류잡화,3230593,53081616
상봉역,중랑구,상봉동,2742454.278,60,의류잡화,10544110,53081616
상봉역,중랑구,상봉동,2742454.278,45.48,편의점,12126840,4176932
상봉역,중랑구,상봉동,2742454.278,78,화장품,4754458,53081616
상봉역,중랑구,상봉동,2742454.278,43.09,화장품,9654037,53081616
봉화산역,중랑구,신내동,1342041.161,87,소매업,979716,5384445
봉화산역,중랑구,신내동,1342041.161,87,소매업,979716,5384445
봉화산역,중랑구,신내동,1342041.161,34,식품제과,2107582,5334007
봉화산역,중랑구,신내동,1342041.161,33,의류잡화,2045595,5334007
봉화산역,중랑구,신내동,1342041.161,33,의류잡화,2045595,5334007
봉화산역,중랑구,신내동,1342041.161,47,편의점,6932114,1740624
봉화산역,중랑구,신내동,1342041.161,27,화장품,2255664,1740624
중화역,중랑구,중화동,2296269.486,30,소매업,3600000,43738113
중화역,중랑구,중화동,2296269.486,50,소매업,3894895,43738113
중화역,중랑구,중화동,2296269.486,48,소매업,4145738,43738113
중화역,중랑구,중화동,2296269.486,70,소매업,5452853,43738113
중화역,중랑구,중화동,2296269.486,50,식당,4571594,43738113
중화역,중랑구,중화동,2296269.486,18,의류잡화,1880087,43738113
중화역,중랑구,중화동,2296269.486,39.02,의류잡화,3917590,43738113
중화역,중랑구,중화동,2296269.486,28.43,의류잡화,13013482,18838940
중화역,중랑구,중화동,2296269.486,45,카페,4393379,43738113
중화역,중랑구,중화동,2296269.486,29.7,편의점,6788870,43738113
중화역,중랑구,중화동,2296269.486,44,화장품,4254837,43738113
